,ECO,OIL,SP500,PSE,RATE
2004-08-18,130.12,47.27000045776367,1095.1700439453125,651.5700073242188,1.46
2004-08-25,134.2,43.470001220703125,1104.9599609375,662.3200073242188,1.52
2004-09-01,136.29,44.0,1105.9100341796875,655.989990234375,1.55
2004-09-08,135.06,42.77000045776367,1116.27001953125,654.3900146484375,1.62
2004-09-15,136.7,43.58000183105469,1120.3699951171875,673.739990234375,1.64
2004-09-22,134.26,48.349998474121094,1113.56005859375,676.9199829101562,1.68
2004-09-29,134.54,49.5099983215332,1114.800048828125,676.760009765625,1.69
2004-10-06,143.21,52.02000045776367,1142.050048828125,704.5700073242188,1.68
2004-10-13,142.4,53.63999938964844,1113.6500244140625,679.739990234375,1.69
2004-10-20,143.16,54.91999816894531,1103.6600341796875,686.760009765625,1.79
2004-10-27,143.73,52.459999084472656,1125.4000244140625,709.6199951171875,1.88
2004-11-03,143.36,50.880001068115234,1143.199951171875,721.8900146484375,1.92
2004-11-10,146.84,48.86000061035156,1162.9100341796875,728.9400024414062,2.04
2004-11-17,152.29,46.84000015258789,1181.93994140625,752.0499877929688,2.09
2004-11-24,155.54,49.439998626708984,1181.760009765625,755.2999877929688,2.14
2004-12-01,159.23,45.4900016784668,1191.3699951171875,769.6099853515625,2.18
2004-12-08,151.71,41.939998626708984,1182.81005859375,764.6799926757812,2.2
2004-12-15,158.13,44.189998626708984,1205.719970703125,777.260009765625,2.17
2004-12-22,157.31,44.2400016784668,1209.5699462890625,772.8900146484375,2.15
2004-12-29,163.43,43.63999938964844,1213.449951171875,778.6099853515625,2.19
2005-01-05,154.97,43.38999938964844,1183.739990234375,747.2100219726562,2.29
2005-01-12,152.99,46.369998931884766,1187.699951171875,741.239990234375,2.3
2005-01-19,155.71,47.54999923706055,1184.6300048828125,738.5700073242188,2.33
2005-01-26,153.87,48.779998779296875,1174.0699462890625,731.0399780273438,2.37
2005-02-02,159.58,46.689998626708984,1193.18994140625,747.4600219726562,2.47
2005-02-09,155.13,45.459999084472656,1191.989990234375,744.22998046875,2.47
2005-02-16,156.8,48.33000183105469,1210.3399658203125,758.219970703125,2.53
2005-02-23,156.12,51.16999816894531,1190.800048828125,739.5599975585938,2.63
2005-03-02,165.84,53.04999923706055,1210.0799560546875,748.6799926757812,2.68
2005-03-09,164.6,54.77000045776367,1207.010009765625,743.3699951171875,2.7
2005-03-16,158.32,56.459999084472656,1188.0699462890625,728.8499755859375,2.74
2005-03-23,153.67,53.810001373291016,1172.530029296875,726.2899780273438,2.77
2005-03-30,152.27,53.9900016784668,1181.4100341796875,730.5800170898438,2.77
2005-04-06,154.69,55.849998474121094,1184.0699462890625,722.7899780273438,2.71
2005-04-13,146.73,50.220001220703125,1173.7900390625,714.5399780273438,2.72
2005-04-20,140.6,52.439998626708984,1137.5,691.97998046875,2.81
2005-04-27,139.26,51.61000061035156,1156.3800048828125,702.9600219726562,2.83
2005-05-04,139.73,50.130001068115234,1175.6500244140625,715.6400146484375,2.81
2005-05-11,140.26,50.45000076293945,1171.1099853515625,720.0900268554688,2.81
2005-05-18,139.61,47.25,1185.56005859375,741.6199951171875,2.8
2005-05-25,141.4,50.97999954223633,1190.010009765625,748.2899780273438,2.89
2005-06-01,144.56,54.599998474121094,1202.219970703125,759.6699829101562,2.91
2005-06-08,143.38,52.540000915527344,1194.6700439453125,751.0499877929688,2.96
2005-06-15,152.15,55.56999969482422,1206.5799560546875,757.1400146484375,2.94
2005-06-22,157.32,58.09000015258789,1213.8800048828125,760.780029296875,2.97
2005-06-29,157.62,57.2599983215332,1199.8499755859375,750.52001953125,3.06
2005-07-06,157.11,61.279998779296875,1194.93994140625,751.6699829101562,3.12
2005-07-13,160.42,60.0099983215332,1223.2900390625,784.260009765625,3.15
2005-07-20,164.99,56.720001220703125,1235.199951171875,810.8099975585938,3.23
2005-07-27,170.31,59.11000061035156,1236.7900390625,806.3300170898438,3.33
2005-08-03,172.37,60.86000061035156,1245.0400390625,812.2899780273438,3.38
2005-08-10,166.69,64.9000015258789,1229.1300048828125,793.5900268554688,3.43
2005-08-17,164.37,63.25,1220.239990234375,799.3900146484375,3.44
2005-08-24,171.11,67.31999969482422,1209.5899658203125,794.6699829101562,3.45
2005-08-31,183.82,68.94000244140625,1220.3299560546875,808.6099853515625,3.44
2005-09-07,187.43,64.37000274658203,1236.3599853515625,820.260009765625,3.41
2005-09-14,191.79,65.08999633789062,1227.1600341796875,819.969970703125,3.35
2005-09-21,182.02,66.80000305175781,1210.199951171875,800.6900024414062,3.34
2005-09-28,182.84,66.3499984741211,1216.8900146484375,803.1699829101562,3.39
2005-10-05,182.93,62.790000915527344,1196.3900146484375,800.1199951171875,3.5
2005-10-12,165.25,64.12000274658203,1177.6800537109375,774.760009765625,3.62
2005-10-19,166.52,62.40999984741211,1195.760009765625,794.3400268554688,3.77
2005-10-26,165.78,60.65999984741211,1191.3800048828125,795.75,3.81
2005-11-02,167.36,59.75,1214.760009765625,807.3499755859375,3.85
2005-11-09,170.85,58.93000030517578,1220.6500244140625,819.510009765625,3.9
2005-11-16,169.79,57.880001068115234,1231.2099609375,829.3200073242188,3.91
2005-11-23,175.74,58.709999084472656,1265.6099853515625,845.4199829101562,3.86
2005-11-30,172.77,57.31999969482422,1249.47998046875,840.5,3.86
2005-12-07,174.97,59.209999084472656,1257.3699951171875,853.0599975585938,3.94
2005-12-14,176.61,60.849998474121094,1272.739990234375,853.760009765625,3.81
2005-12-21,173.98,58.560001373291016,1262.7900390625,844.7000122070312,3.9
2005-12-28,175.52,59.81999969482422,1258.1700439453125,845.9400024414062,3.87
2006-01-04,179.16,63.41999816894531,1273.4599609375,856.3900146484375,4.09
2006-01-11,188.01,63.939998626708984,1294.1800537109375,886.5399780273438,4.2
2006-01-18,194.34,65.7300033569336,1277.9300537109375,872.3200073242188,4.25
2006-01-25,200.12,65.8499984741211,1264.6800537109375,860.3099975585938,4.32
2006-02-01,214.17,66.55999755859375,1282.4599609375,881.0700073242188,4.37
2006-02-08,212.42,62.54999923706055,1265.6500244140625,871.489990234375,4.4
2006-02-15,211.78,57.70000076293945,1280.0,872.1900024414062,4.44
2006-02-22,214.04,61.0099983215332,1292.6700439453125,874.780029296875,4.46
2006-03-01,222.28,61.970001220703125,1291.239990234375,883.780029296875,4.49
2006-03-08,205.36,60.02000045776367,1278.469970703125,862.9500122070312,4.47
2006-03-15,213.43,62.16999816894531,1303.02001953125,881.4600219726562,4.51
2006-03-22,213.94,61.77000045776367,1305.0400390625,872.0,4.57
2006-03-29,225.06,66.44999694824219,1302.8900146484375,875.719970703125,4.51
2006-04-05,228.6,67.06999969482422,1311.56005859375,881.02001953125,4.55
2006-04-12,225.09,68.62000274658203,1288.1199951171875,864.7100219726562,4.58
2006-04-19,249.12,72.16999816894531,1309.9300537109375,877.6199951171875,4.61
2006-04-26,245.81,71.93000030517578,1305.4100341796875,872.1799926757812,4.67
2006-05-03,248.58,72.27999877929688,1308.1199951171875,870.9199829101562,4.7
2006-05-10,253.02,72.12999725341797,1322.8499755859375,864.9099731445312,4.76
2006-05-17,220.43,68.69999694824219,1270.3199462890625,822.4099731445312,4.71
2006-05-24,211.06,69.86000061035156,1258.5699462890625,810.5800170898438,4.7
2006-05-31,220.15,71.29000091552734,1270.0899658203125,812.27001953125,4.74
2006-06-07,213.36,70.81999969482422,1256.1500244140625,796.1699829101562,4.74
2006-06-14,190.56,69.13999938964844,1230.0400390625,773.0,4.77
2006-06-21,201.1,70.33000183105469,1252.199951171875,788.5999755859375,4.79
2006-06-28,194.24,72.19000244140625,1246.0,766.989990234375,4.88
2006-07-05,201.8,75.19000244140625,1270.9100341796875,779.8499755859375,4.88
2006-07-12,190.85,74.94999694824219,1258.5999755859375,759.8499755859375,4.93
2006-07-19,187.94,72.66000366210938,1259.81005859375,756.5700073242188,4.98
2006-07-26,186.05,73.94000244140625,1268.4000244140625,755.72998046875,4.98
2006-08-02,187.67,75.80999755859375,1277.4100341796875,770.0800170898438,4.97
2006-08-09,180.25,76.3499984741211,1265.949951171875,756.280029296875,4.94
2006-08-16,186.44,71.88999938964844,1295.4300537109375,796.239990234375,4.94
2006-08-23,184.96,71.76000213623047,1292.989990234375,787.5700073242188,4.96
2006-08-30,192.17,70.02999877929688,1305.3699951171875,806.719970703125,4.92
2006-09-06,186.59,67.5,1300.260009765625,798.3499755859375,4.84
2006-09-13,186.82,63.970001220703125,1318.0699462890625,819.1599731445312,4.79
2006-09-20,180.37,60.459999084472656,1325.1800537109375,829.780029296875,4.81
2006-09-27,176.59,62.959999084472656,1336.5899658203125,830.1500244140625,4.76
2006-10-04,176.7,59.40999984741211,1350.199951171875,839.0,4.8
2006-10-11,182.54,57.59000015258789,1349.949951171875,842.9099731445312,4.89
2006-10-18,187.08,57.650001525878906,1365.800048828125,850.4400024414062,4.96
2006-10-25,186.95,61.400001525878906,1382.219970703125,852.72998046875,4.99
2006-11-01,182.58,58.709999084472656,1367.81005859375,848.4500122070312,4.94
2006-11-08,185.74,59.83000183105469,1385.719970703125,865.02001953125,4.97
2006-11-15,192.17,58.7599983215332,1396.5699462890625,882.0999755859375,4.96
2006-11-22,189.14,59.2400016784668,1406.0899658203125,897.97998046875,4.92
2006-11-29,189.89,62.459999084472656,1399.47998046875,880.3800048828125,4.91
2006-12-06,191.56,62.189998626708984,1412.9000244140625,888.2999877929688,4.86
2006-12-13,185.77,61.369998931884766,1413.2099609375,877.0700073242188,4.82
2006-12-20,184.45,63.720001220703125,1423.530029296875,880.219970703125,4.84
2006-12-27,183.21,60.34000015258789,1426.8399658203125,879.0499877929688,4.85
2007-01-03,180.72,58.31999969482422,1416.5999755859375,875.8300170898438,4.92
2007-01-10,177.61,54.02000045776367,1414.8499755859375,898.739990234375,4.96
2007-01-17,180.01,52.2400016784668,1430.6199951171875,901.1799926757812,4.99
2007-01-24,180.12,55.369998931884766,1440.1300048828125,890.3499755859375,5.0
2007-01-31,184.2,58.13999938964844,1438.239990234375,891.8599853515625,4.99
2007-02-07,191.25,57.709999084472656,1450.02001953125,904.260009765625,5.02
2007-02-14,192.65,58.0,1455.300048828125,906.5,5.02
2007-02-21,198.03,60.06999969482422,1457.6300048828125,910.9500122070312,5.04
2007-02-28,193.21,61.790000915527344,1406.8199462890625,882.780029296875,5.01
2007-03-07,187.7,61.81999969482422,1391.969970703125,869.719970703125,4.97
2007-03-14,187.24,58.15999984741211,1387.1700439453125,873.75,4.92
2007-03-21,194.14,59.61000061035156,1435.0400390625,897.9299926757812,4.91
2007-03-28,198.07,64.08000183105469,1417.22998046875,883.2899780273438,4.92
2007-04-04,202.88,64.37999725341797,1439.3699951171875,896.97998046875,4.92
2007-04-11,201.85,62.0099983215332,1438.8699951171875,895.1599731445312,4.9
2007-04-18,207.4,63.130001068115234,1472.5,915.530029296875,4.86
2007-04-25,210.19,65.83999633789062,1495.4200439453125,940.469970703125,4.83
2007-05-02,202.63,63.68000030517578,1495.9200439453125,941.8599853515625,4.77
2007-05-09,204.54,61.54999923706055,1512.5799560546875,951.1099853515625,4.74
2007-05-16,199.13,62.54999923706055,1514.1400146484375,938.7999877929688,4.62
2007-05-23,203.8,65.7699966430664,1522.280029296875,939.5499877929688,4.77
2007-05-30,205.22,63.4900016784668,1530.22998046875,942.8800048828125,4.71
2007-06-06,206.35,65.95999908447266,1517.3800048828125,944.3699951171875,4.67
2007-06-13,204.87,66.26000213623047,1515.6700439453125,942.97998046875,4.53
2007-06-20,210.17,68.19000244140625,1512.8399658203125,948.1900024414062,4.61
2007-06-27,216.22,68.97000122070312,1506.3399658203125,951.4000244140625,4.64
2007-07-04,226.3,71.41000366210938,1524.8699951171875,958.7999877929688,4.81
2007-07-11,234.81,72.55999755859375,1518.760009765625,960.9099731445312,4.81
2007-07-18,235.99,75.05000305175781,1546.1700439453125,981.3200073242188,4.82
2007-07-25,230.84,75.87999725341797,1518.0899658203125,975.5599975585938,4.85
2007-08-01,225.94,76.52999877929688,1465.81005859375,943.75,4.75
2007-08-08,245.75,72.1500015258789,1497.489990234375,941.6599731445312,4.81
2007-08-15,215.97,73.33000183105469,1406.699951171875,900.0900268554688,4.1
2007-08-22,221.32,69.26000213623047,1464.0699462890625,928.5399780273438,3.58
2007-08-29,217.07,73.51000213623047,1463.760009765625,935.2899780273438,3.88
2007-09-05,225.47,75.7300033569336,1472.2900390625,952.3900146484375,4.24
2007-09-12,221.89,79.91000366210938,1471.56005859375,952.9500122070312,3.93
2007-09-19,230.27,81.93000030517578,1529.030029296875,972.6599731445312,3.83
2007-09-26,242.86,80.30000305175781,1525.4200439453125,978.010009765625,3.64
2007-10-03,245.13,79.94000244140625,1539.5899658203125,988.3099975585938,3.86
2007-10-10,253.54,81.30000305175781,1562.469970703125,1009.3400268554688,3.95
2007-10-17,251.82,87.4000015258789,1541.239990234375,1012.4500122070312,3.91
2007-10-24,251.43,87.0999984741211,1515.8800048828125,999.3699951171875,3.75
2007-10-31,265.17,94.52999877929688,1549.3800048828125,1016.1900024414062,3.84
2007-11-07,259.39,96.37000274658203,1475.6199951171875,983.9600219726562,3.4
2007-11-14,244.77,94.08999633789062,1470.5799560546875,951.5,3.33
2007-11-21,227.41,97.29000091552734,1416.77001953125,924.3800048828125,3.02
2007-11-28,240.99,90.62000274658203,1469.02001953125,959.1500244140625,2.98
2007-12-05,251.39,87.48999786376953,1485.010009765625,958.5599975585938,3.0
2007-12-12,265.27,94.38999938964844,1486.5899658203125,961.0399780273438,2.81
2007-12-19,272.28,91.23999786376953,1453.0,927.1599731445312,2.85
2007-12-26,297.05,95.97000122070312,1497.6600341796875,959.530029296875,3.24
2008-01-02,286.03,99.62000274658203,1447.1600341796875,922.4500122070312,3.18
2008-01-09,260.23,95.66999816894531,1409.1300048828125,880.0599975585938,3.14
2008-01-16,233.92,90.83999633789062,1373.199951171875,864.22998046875,3.06
2008-01-23,219.07,86.98999786376953,1338.5999755859375,825.3300170898438,2.16
2008-01-30,224.72,92.33000183105469,1355.81005859375,847.2899780273438,2.16
2008-02-06,214.24,87.13999938964844,1326.449951171875,832.77001953125,2.05
2008-02-13,235.71,93.2699966430664,1367.2099609375,867.9000244140625,2.22
2008-02-20,223.87,100.73999786376953,1360.030029296875,854.25,2.2
2008-02-27,221.13,99.63999938964844,1380.02001953125,871.2000122070312,1.94
2008-03-05,214.27,104.5199966430664,1333.699951171875,846.010009765625,1.5
2008-03-12,203.73,109.91999816894531,1308.77001953125,834.4600219726562,1.45
2008-03-19,192.53,104.4800033569336,1298.4200439453125,818.75,0.6
2008-03-26,207.12,105.9000015258789,1341.1300048828125,851.6099853515625,1.27
2008-04-02,216.6,104.83000183105469,1367.530029296875,863.8099975585938,1.39
2008-04-09,216.0,110.87000274658203,1354.489990234375,858.510009765625,1.29
2008-04-16,226.51,114.93000030517578,1364.7099609375,861.989990234375,1.11
2008-04-23,222.79,118.30000305175781,1379.9300537109375,874.5999755859375,1.24
2008-04-30,216.93,113.45999908447266,1385.5899658203125,881.0599975585938,1.41
2008-05-07,216.33,123.52999877929688,1392.5699462890625,889.7100219726562,1.64
2008-05-14,232.0,124.22000122070312,1408.6600341796875,915.75,1.79
2008-05-21,232.19,133.1699981689453,1390.7099609375,908.4000244140625,1.83
2008-05-28,233.78,131.02999877929688,1390.8399658203125,925.219970703125,1.86
2008-06-04,226.31,122.30000305175781,1377.199951171875,930.4099731445312,1.81
2008-06-11,217.2,136.3800048828125,1335.489990234375,888.760009765625,1.92
2008-06-18,227.32,136.67999267578125,1337.81005859375,896.4099731445312,1.89
2008-06-25,220.01,134.5500030517578,1321.969970703125,893.5,1.78
2008-07-02,189.15,143.57000732421875,1261.52001953125,853.3699951171875,1.79
2008-07-09,182.94,136.0500030517578,1244.68994140625,851.1199951171875,1.79
2008-07-16,197.26,134.60000610351562,1245.3599853515625,864.1599731445312,1.35
2008-07-23,200.34,124.44000244140625,1282.18994140625,884.5700073242188,1.56
2008-07-30,199.99,126.7699966430664,1284.260009765625,885.1099853515625,1.67
2008-08-06,191.22,118.58000183105469,1289.18994140625,898.1599731445312,1.61
2008-08-13,199.31,116.0,1285.8299560546875,920.4299926757812,1.82
2008-08-20,199.28,114.9800033569336,1274.5400390625,909.6799926757812,1.68
2008-08-27,200.08,118.1500015258789,1281.6600341796875,905.989990234375,1.64
2008-09-03,189.53,109.3499984741211,1274.97998046875,884.3499755859375,1.67
2008-09-10,167.1,102.58000183105469,1232.0400390625,847.02001953125,1.62
2008-09-17,155.27,97.16000366210938,1156.3900146484375,790.3499755859375,0.03
2008-09-24,166.44,105.7300033569336,1185.8699951171875,804.260009765625,0.5
2008-10-01,151.89,98.52999877929688,1161.06005859375,772.0,0.84
2008-10-08,107.76,88.94999694824219,984.9400024414062,656.3800048828125,0.67
2008-10-15,101.0,74.54000091552734,907.8400268554688,612.25,0.22
2008-10-22,100.08,66.75,896.780029296875,603.9299926757812,1.03
2008-10-29,92.21,67.5,930.0900268554688,621.02001953125,0.61
2008-11-05,102.97,65.30000305175781,952.77001953125,640.4199829101562,0.39
2008-11-12,81.36,56.15999984741211,852.2999877929688,575.3800048828125,0.18
2008-11-19,72.3,53.619998931884766,806.5800170898438,541.2000122070312,0.07
2008-11-26,86.47,54.439998626708984,887.6799926757812,586.969970703125,0.05
2008-12-03,82.86,46.790000915527344,870.739990234375,581.27001953125,0.02
2008-12-10,86.6,43.52000045776367,899.239990234375,603.3099975585938,0.0
2008-12-17,89.63,40.060001373291016,904.4199829101562,609.27001953125,0.05
2008-12-24,86.42,35.349998474121094,868.1500244140625,589.5,0.0
2008-12-31,86.36,44.599998474121094,903.25,610.4600219726562,0.11
2009-01-07,89.38,42.630001068115234,906.6500244140625,625.6799926757812,0.11
2009-01-14,79.47,37.279998779296875,842.6199951171875,593.8499755859375,0.12
2009-01-21,79.59,43.54999923706055,840.239990234375,604.9500122070312,0.11
2009-01-28,82.75,42.15999984741211,874.0900268554688,626.9099731445312,0.19
2009-02-04,80.78,40.31999969482422,832.22998046875,616.219970703125,0.3
2009-02-11,80.22,35.939998626708984,833.739990234375,620.3599853515625,0.3
2009-02-18,74.71,34.619998931884766,788.4199829101562,603.6699829101562,0.31
2009-02-25,69.0,42.5,764.9000244140625,581.4299926757812,0.3
2009-03-04,63.73,45.380001068115234,712.8699951171875,551.6599731445312,0.26
2009-03-11,65.02,42.33000183105469,721.3599853515625,555.3800048828125,0.23
2009-03-18,70.34,48.13999938964844,794.3499755859375,598.7899780273438,0.21
2009-03-25,74.26,52.77000045776367,813.8800048828125,609.030029296875,0.19
2009-04-01,79.88,48.38999938964844,811.0800170898438,618.6099853515625,0.22
2009-04-08,81.47,49.380001068115234,825.1599731445312,638.5999755859375,0.18
2009-04-15,85.9,49.25,852.0599975585938,645.25,0.15
2009-04-22,85.77,48.849998474121094,843.5499877929688,652.1900024414062,0.14
2009-04-29,88.45,50.970001220703125,873.6400146484375,673.9500122070312,0.11
2009-05-06,99.49,56.34000015258789,919.530029296875,690.25,0.19
2009-05-13,87.55,58.02000045776367,883.9199829101562,661.9099731445312,0.17
2009-05-20,96.17,62.040000915527344,903.469970703125,691.3699951171875,0.18
2009-05-27,97.46,63.45000076293945,893.0599975585938,696.72998046875,0.17
2009-06-03,103.33,66.12000274658203,931.760009765625,724.1199951171875,0.14
2009-06-10,112.53,71.33000183105469,939.1500244140625,729.1099853515625,0.18
2009-06-17,102.53,71.02999877929688,910.7100219726562,715.5900268554688,0.17
2009-06-24,100.75,68.66999816894531,900.9400024414062,704.0999755859375,0.19
2009-07-01,101.84,69.30999755859375,923.3300170898438,722.0999755859375,0.17
2009-07-08,90.65,60.13999938964844,879.5599975585938,688.5,0.18
2009-07-15,97.21,61.540000915527344,932.6799926757812,733.8800048828125,0.18
2009-07-22,100.32,65.4000015258789,954.0700073242188,761.1799926757812,0.19
2009-07-29,105.0,63.349998474121094,975.1500244140625,776.1300048828125,0.19
2009-08-05,107.99,71.97000122070312,1002.719970703125,777.8900146484375,0.18
2009-08-12,104.87,70.16000366210938,1005.8099975585938,783.9199829101562,0.17
2009-08-19,100.68,72.41999816894531,996.4600219726562,774.219970703125,0.17
2009-08-26,100.95,71.43000030517578,1028.1199951171875,788.4400024414062,0.15
2009-09-02,96.35,68.05000305175781,994.75,769.219970703125,0.14
2009-09-09,105.27,71.30999755859375,1033.3699951171875,803.8599853515625,0.14
2009-09-16,111.85,72.51000213623047,1068.760009765625,826.6599731445312,0.1
2009-09-23,112.12,68.97000122070312,1060.8699951171875,827.469970703125,0.11
2009-09-30,109.09,70.61000061035156,1057.0799560546875,825.9299926757812,0.14
2009-10-07,107.59,69.56999969482422,1057.5799560546875,818.3400268554688,0.09
2009-10-14,111.86,75.18000030517578,1092.02001953125,841.969970703125,0.07
2009-10-21,109.61,81.37000274658203,1081.4000244140625,824.9400024414062,0.07
2009-10-28,97.84,77.45999908447266,1042.6300048828125,790.219970703125,0.07
2009-11-04,97.12,80.4000015258789,1046.5,792.2100219726562,0.05
2009-11-11,101.86,79.27999877929688,1098.510009765625,832.3499755859375,0.07
2009-11-18,104.3,79.58000183105469,1109.800048828125,838.6199951171875,0.04
2009-11-25,102.55,77.95999908447266,1110.6300048828125,838.260009765625,0.05
2009-12-02,105.43,76.5999984741211,1109.239990234375,838.5700073242188,0.05
2009-12-09,107.2,70.66999816894531,1095.949951171875,840.969970703125,0.03
2009-12-16,109.2,72.66000366210938,1109.1800537109375,851.780029296875,0.04
2009-12-23,112.61,76.66999816894531,1120.5899658203125,871.4600219726562,0.07
2009-12-30,111.95,79.27999877929688,1126.4200439453125,881.6799926757812,0.05
2010-01-06,117.7,83.18000030517578,1137.1400146484375,880.6900024414062,0.06
2010-01-13,115.4,79.6500015258789,1145.6800537109375,885.3200073242188,0.06
2010-01-20,108.71,77.62000274658203,1138.0400390625,880.7999877929688,0.05
2010-01-27,100.72,73.66999816894531,1097.5,857.5399780273438,0.08
2010-02-03,99.75,76.9800033569336,1097.280029296875,846.4000244140625,0.1
2010-02-10,93.91,74.5199966430664,1068.1300048828125,830.3200073242188,0.11
2010-02-17,99.4,77.33000183105469,1099.510009765625,859.1699829101562,0.1
2010-02-24,95.27,80.0,1105.239990234375,869.1199951171875,0.12
2010-03-03,98.01,80.87000274658203,1118.7900390625,889.0499877929688,0.14
2010-03-10,100.36,82.08999633789062,1145.6099853515625,916.3200073242188,0.15
2010-03-17,101.42,82.93000030517578,1166.2099609375,927.8699951171875,0.15
2010-03-24,99.55,80.61000061035156,1167.719970703125,928.8300170898438,0.14
2010-03-31,100.36,83.76000213623047,1169.4300537109375,925.8599853515625,0.16
2010-04-07,102.6,85.87999725341797,1182.449951171875,937.27001953125,0.17
2010-04-14,104.35,85.83999633789062,1210.6500244140625,961.2000122070312,0.16
2010-04-21,103.61,83.68000030517578,1205.93994140625,962.8400268554688,0.15
2010-04-28,101.9,83.22000122070312,1191.3599853515625,950.77001953125,0.16
2010-05-05,97.11,79.97000122070312,1165.8699951171875,921.1900024414062,0.15
2010-05-12,98.37,75.6500015258789,1171.6700439453125,934.3300170898438,0.16
2010-05-19,89.23,69.87000274658203,1115.050048828125,897.6400146484375,0.17
2010-05-26,85.08,71.51000213623047,1067.949951171875,864.0800170898438,0.17
2010-06-02,88.87,72.86000061035156,1098.3800048828125,891.5999755859375,0.16
2010-06-09,82.02,74.37999725341797,1055.68994140625,852.7899780273438,0.1
2010-06-16,91.51,77.66999816894531,1114.6099853515625,909.489990234375,0.1
2010-06-23,89.33,76.3499984741211,1092.0400390625,898.5499877929688,0.13
2010-06-30,83.79,75.62999725341797,1030.7099609375,846.510009765625,0.18
2010-07-07,87.98,74.06999969482422,1060.27001953125,870.260009765625,0.16
2010-07-14,91.86,77.04000091552734,1095.1700439453125,901.6300048828125,0.15
2010-07-21,89.83,76.55999755859375,1069.5899658203125,874.47998046875,0.16
2010-07-28,93.97,76.98999786376953,1106.1300048828125,905.1300048828125,0.15
2010-08-04,94.39,82.47000122070312,1127.239990234375,921.52001953125,0.16
2010-08-11,89.35,78.0199966430664,1089.469970703125,882.0,0.15
2010-08-18,91.01,75.41999816894531,1094.1600341796875,886.7100219726562,0.16
2010-08-25,85.58,72.5199966430664,1055.3299560546875,870.0399780273438,0.16
2010-09-01,89.8,73.91000366210938,1080.2900390625,887.9299926757812,0.13
2010-09-08,92.17,74.66999816894531,1098.8699951171875,908.3200073242188,0.14
2010-09-15,93.08,76.0199966430664,1125.0699462890625,934.9199829101562,0.15
2010-09-22,93.92,74.70999908447266,1134.280029296875,944.5800170898438,0.16
2010-09-29,99.09,77.86000061035156,1144.72998046875,969.4600219726562,0.16
2010-10-06,99.49,83.2300033569336,1159.969970703125,961.8699951171875,0.13
2010-10-13,104.88,83.01000213623047,1178.0999755859375,986.0599975585938,0.13
2010-10-20,101.59,81.7699966430664,1178.1700439453125,985.1400146484375,0.14
2010-10-27,103.37,81.94000244140625,1182.449951171875,1018.239990234375,0.14
2010-11-03,102.9,84.69000244140625,1197.9599609375,1033.81005859375,0.13
2010-11-10,105.53,87.80999755859375,1218.7099609375,1048.7900390625,0.13
2010-11-17,96.78,80.44000244140625,1178.5899658203125,1005.0399780273438,0.14
2010-11-24,101.05,83.86000061035156,1198.3499755859375,1053.6800537109375,0.16
2010-12-01,99.43,86.75,1206.0699462890625,1057.06005859375,0.16
2010-12-08,103.97,88.27999877929688,1228.280029296875,1080.6400146484375,0.15
2010-12-15,103.33,88.62000274658203,1235.22998046875,1077.1099853515625,0.14
2010-12-22,106.01,90.4800033569336,1258.8399658203125,1094.3199462890625,0.14
2010-12-29,105.58,91.12000274658203,1259.780029296875,1090.77001953125,0.13
2011-01-05,108.44,90.30000305175781,1276.56005859375,1107.2099609375,0.14
2011-01-12,111.6,91.86000061035156,1285.9599609375,1125.550048828125,0.15
2011-01-19,108.87,90.86000061035156,1281.9200439453125,1127.8499755859375,0.16
2011-01-26,108.13,87.33000183105469,1296.6300048828125,1120.9000244140625,0.16
2011-02-02,110.9,90.86000061035156,1304.030029296875,1133.43994140625,0.16
2011-02-09,110.05,86.70999908447266,1320.8800048828125,1160.97998046875,0.14
2011-02-16,113.91,84.98999786376953,1336.3199462890625,1179.199951171875,0.12
2011-02-23,107.26,98.0999984741211,1307.4000244140625,1124.8399658203125,0.12
2011-03-02,106.76,102.2300033569336,1308.43994140625,1139.449951171875,0.13
2011-03-09,104.53,104.37999725341797,1320.02001953125,1139.989990234375,0.1
2011-03-16,101.47,97.9800033569336,1256.8800048828125,1083.989990234375,0.1
2011-03-23,103.97,105.75,1297.5400390625,1112.1099853515625,0.09
2011-03-30,108.69,104.2699966430664,1328.260009765625,1152.199951171875,0.1
2011-04-06,107.24,108.83000183105469,1335.5400390625,1154.489990234375,0.06
2011-04-13,101.93,107.11000061035156,1314.4100341796875,1147.3499755859375,0.06
2011-04-20,101.87,111.44999694824219,1330.3599853515625,1174.22998046875,0.06
2011-04-27,103.31,112.76000213623047,1355.6600341796875,1200.719970703125,0.06
2011-05-04,99.17,109.23999786376953,1347.3199462890625,1175.3800048828125,0.03
2011-05-11,98.28,98.20999908447266,1342.0799560546875,1189.3199462890625,0.03
2011-05-18,96.77,100.0999984741211,1340.6800537109375,1184.469970703125,0.05
2011-05-25,93.19,101.31999969482422,1320.469970703125,1163.9300537109375,0.06
2011-06-01,93.67,100.29000091552734,1314.550048828125,1166.4300537109375,0.05
2011-06-08,88.79,100.73999786376953,1279.56005859375,1129.6300048828125,0.04
2011-06-15,87.38,94.80999755859375,1265.4200439453125,1113.3599853515625,0.05
2011-06-22,88.35,95.41000366210938,1287.1400146484375,1127.72998046875,0.02
2011-06-29,89.76,94.7699966430664,1307.4100341796875,1153.699951171875,0.02
2011-07-06,90.82,96.6500015258789,1339.219970703125,1193.6800537109375,0.01
2011-07-13,87.84,98.05000305175781,1317.719970703125,1163.5799560546875,0.01
2011-07-20,86.73,98.13999938964844,1325.8399658203125,1178.4200439453125,0.02
2011-07-27,83.82,97.4000015258789,1304.8900146484375,1147.5999755859375,0.08
2011-08-03,80.08,91.93000030517578,1260.3399658203125,1110.6500244140625,0.02
2011-08-10,68.17,82.88999938964844,1120.760009765625,984.9000244140625,0.02
2011-08-17,72.06,87.58000183105469,1193.8900146484375,1033.9000244140625,0.01
2011-08-24,69.5,85.16000366210938,1177.5999755859375,1014.1900024414062,0.02
2011-08-31,73.02,88.80999755859375,1218.8900146484375,1058.0400390625,0.02
2011-09-07,70.22,89.33999633789062,1198.6199951171875,1039.81005859375,0.02
2011-09-14,68.99,88.91000366210938,1188.6800537109375,1048.0699462890625,0.01
2011-09-21,62.1,85.91999816894531,1166.760009765625,1038.6500244140625,0.01
2011-09-28,58.31,81.20999908447266,1151.06005859375,1026.8499755859375,0.02
2011-10-05,56.14,79.68000030517578,1144.030029296875,1023.25,0.0
2011-10-12,59.18,85.56999969482422,1207.25,1074.8699951171875,0.02
2011-10-19,57.68,86.11000061035156,1209.8800048828125,1073.56005859375,0.03
2011-10-26,59.03,90.19999694824219,1242.0,1104.31005859375,0.02
2011-11-02,59.61,92.51000213623047,1237.9000244140625,1105.6099853515625,0.01
2011-11-09,58.49,95.73999786376953,1229.0999755859375,1099.5899658203125,0.01
2011-11-16,57.43,102.58999633789062,1236.9100341796875,1118.8699951171875,0.01
2011-11-23,52.18,96.16999816894531,1161.7900390625,1030.739990234375,0.02
2011-11-30,56.33,100.36000061035156,1246.9599609375,1099.780029296875,0.01
2011-12-07,56.64,100.48999786376953,1261.010009765625,1107.06005859375,0.02
2011-12-14,50.46,94.94999694824219,1211.8199462890625,1054.6300048828125,0.01
2011-12-21,51.61,98.66999816894531,1243.719970703125,1059.9100341796875,0.01
2011-12-28,51.31,99.36000061035156,1249.6400146484375,1071.27001953125,0.01
2012-01-04,53.3,103.22000122070312,1277.300048828125,1082.56005859375,0.02
2012-01-11,58.31,100.87000274658203,1292.47998046875,1112.7099609375,0.02
2012-01-18,60.25,100.58999633789062,1308.0400390625,1141.1400146484375,0.03
2012-01-25,59.1,99.4000015258789,1326.06005859375,1177.260009765625,0.04
2012-02-01,60.01,97.61000061035156,1324.0899658203125,1192.760009765625,0.06
2012-02-08,64.0,98.70999908447266,1349.9599609375,1223.1500244140625,0.09
2012-02-15,60.95,101.80000305175781,1343.22998046875,1229.2099609375,0.11
2012-02-22,62.67,106.27999877929688,1357.6600341796875,1230.81005859375,0.09
2012-02-29,58.58,107.06999969482422,1365.6800537109375,1246.9200439453125,0.08
2012-03-07,54.88,106.16000366210938,1352.6300048828125,1227.9300537109375,0.08
2012-03-14,57.95,105.43000030517578,1394.280029296875,1278.5699462890625,0.09
2012-03-21,58.41,107.2699966430664,1402.8900146484375,1288.6700439453125,0.09
2012-03-28,56.98,105.41000366210938,1405.5400390625,1302.0,0.09
2012-04-04,54.04,101.47000122070312,1398.9599609375,1295.300048828125,0.08
2012-04-11,53.07,102.69999694824219,1368.7099609375,1264.8800048828125,0.09
2012-04-18,52.59,102.66999816894531,1385.1400146484375,1272.8800048828125,0.07
2012-04-25,51.49,104.12000274658203,1390.68994140625,1268.4200439453125,0.09
2012-05-02,52.34,105.22000122070312,1402.31005859375,1278.0999755859375,0.08
2012-05-09,48.49,96.80999755859375,1354.5799560546875,1226.9100341796875,0.09
2012-05-16,45.46,92.80999755859375,1324.800048828125,1189.469970703125,0.1
2012-05-23,43.5,89.9000015258789,1318.8599853515625,1186.5,0.09
2012-05-30,43.12,87.81999969482422,1313.3199462890625,1172.3599853515625,0.07
2012-06-06,43.56,85.0199966430664,1315.1300048828125,1181.699951171875,0.09
2012-06-13,42.91,82.62000274658203,1314.8800048828125,1164.81005859375,0.1
2012-06-20,46.44,81.80000305175781,1355.68994140625,1211.93994140625,0.09
2012-06-27,45.38,80.20999908447266,1331.8499755859375,1186.1700439453125,0.09
2012-07-04,47.47,87.66000366210938,1374.02001953125,1224.449951171875,0.09
2012-07-11,44.21,85.80999755859375,1341.449951171875,1161.8900146484375,0.1
2012-07-18,43.77,89.87000274658203,1372.780029296875,1201.8900146484375,0.09
2012-07-25,41.12,88.97000122070312,1337.8900146484375,1179.4200439453125,0.1
2012-08-01,40.62,88.91000366210938,1375.3199462890625,1206.6199951171875,0.1
2012-08-08,43.37,93.3499984741211,1402.219970703125,1254.0699462890625,0.11
2012-08-15,43.88,94.33000183105469,1405.530029296875,1264.02001953125,0.09
2012-08-22,44.83,97.26000213623047,1413.489990234375,1272.47998046875,0.11
2012-08-29,43.95,95.48999786376953,1410.489990234375,1267.8399658203125,0.12
2012-09-05,42.5,95.36000061035156,1403.43994140625,1260.8299560546875,0.11
2012-09-12,44.83,97.01000213623047,1436.56005859375,1291.4200439453125,0.1
2012-09-19,46.08,91.9800033569336,1461.050048828125,1312.030029296875,0.11
2012-09-26,43.0,89.9800033569336,1433.3199462890625,1275.260009765625,0.11
2012-10-03,42.43,88.13999938964844,1450.989990234375,1291.8800048828125,0.09
2012-10-10,41.48,91.25,1432.56005859375,1251.0799560546875,0.1
2012-10-17,42.71,92.12000274658203,1460.9100341796875,1268.8699951171875,0.11
2012-10-24,40.57,85.7300033569336,1408.75,1227.1400146484375,0.11
2012-10-31,40.61,86.23999786376953,1412.1600341796875,1220.9000244140625,0.11
2012-11-07,40.27,84.44000244140625,1394.530029296875,1228.219970703125,0.1
2012-11-14,36.99,86.31999969482422,1355.489990234375,1198.8599853515625,0.1
2012-11-21,37.54,87.37999725341797,1391.030029296875,1229.6600341796875,0.1
2012-11-28,39.19,86.48999786376953,1409.9300537109375,1250.8800048828125,0.1
2012-12-05,39.38,87.87999725341797,1409.280029296875,1257.4599609375,0.1
2012-12-12,41.7,86.7699966430664,1428.47998046875,1287.93994140625,0.07
2012-12-19,42.92,89.51000213623047,1435.81005859375,1305.0999755859375,0.05
2012-12-26,42.31,90.9800033569336,1419.8299560546875,1288.6600341796875,0.09
2013-01-02,44.04,93.12000274658203,1462.4200439453125,1328.06005859375,0.08
2013-01-09,45.46,93.0999984741211,1461.02001953125,1323.239990234375,0.06
2013-01-16,44.78,94.23999786376953,1472.6300048828125,1331.43994140625,0.08
2013-01-23,45.56,95.2300033569336,1494.81005859375,1354.0899658203125,0.08
2013-01-30,45.31,97.94000244140625,1501.9599609375,1357.7900390625,0.07
2013-02-06,46.94,96.62000274658203,1512.1199951171875,1376.780029296875,0.07
2013-02-13,47.95,97.01000213623047,1520.3299560546875,1376.1500244140625,0.1
2013-02-20,48.1,94.45999908447266,1511.949951171875,1366.1400146484375,0.12
2013-02-27,45.55,92.76000213623047,1515.989990234375,1363.6700439453125,0.11
2013-03-06,46.93,90.43000030517578,1541.4599609375,1399.489990234375,0.1
2013-03-13,46.97,92.5199966430664,1554.52001953125,1407.8399658203125,0.09
2013-03-20,46.43,92.95999908447266,1558.7099609375,1404.8900146484375,0.07
2013-03-27,44.91,96.58000183105469,1562.8499755859375,1406.8900146484375,0.09
2013-04-03,43.15,94.44999694824219,1553.68994140625,1398.22998046875,0.06
2013-04-10,46.11,94.63999938964844,1587.72998046875,1417.6500244140625,0.07
2013-04-17,43.62,86.68000030517578,1552.010009765625,1386.699951171875,0.06
2013-04-24,47.28,91.43000030517578,1578.7900390625,1388.0999755859375,0.06
2013-05-01,48.15,91.02999877929688,1582.699951171875,1401.9000244140625,0.06
2013-05-08,49.6,96.62000274658203,1632.68994140625,1447.4300537109375,0.04
2013-05-15,54.2,94.30000305175781,1658.780029296875,1474.9200439453125,0.04
2013-05-22,55.71,94.27999877929688,1655.3499755859375,1470.3299560546875,0.04
2013-05-29,56.76,93.12999725341797,1648.3599853515625,1480.780029296875,0.05
2013-06-05,54.2,93.73999786376953,1608.9000244140625,1440.5999755859375,0.05
2013-06-12,53.82,95.87999725341797,1612.52001953125,1439.1600341796875,0.05
2013-06-19,55.16,98.23999786376953,1628.9300537109375,1456.8299560546875,0.05
2013-06-26,54.3,95.5,1603.260009765625,1430.72998046875,0.06
2013-07-03,56.33,101.23999786376953,1615.4100341796875,1448.1800537109375,0.05
2013-07-10,58.32,106.5199966430664,1652.6199951171875,1483.1600341796875,0.04
2013-07-17,60.85,106.4800033569336,1680.9100341796875,1522.0999755859375,0.03
2013-07-24,60.44,105.38999938964844,1685.93994140625,1524.3299560546875,0.03
2013-07-31,61.15,105.02999877929688,1685.72998046875,1525.6800537109375,0.04
2013-08-07,58.59,104.37000274658203,1690.9100341796875,1536.3699951171875,0.05
2013-08-14,58.27,106.8499984741211,1685.3900146484375,1546.050048828125,0.05
2013-08-21,57.09,103.8499984741211,1642.800048828125,1507.6400146484375,0.04
2013-08-28,57.24,110.0999984741211,1634.9599609375,1499.6199951171875,0.03
2013-09-04,59.22,107.2300033569336,1653.0799560546875,1528.3800048828125,0.02
2013-09-11,61.35,107.55999755859375,1689.1300048828125,1569.72998046875,0.02
2013-09-18,62.29,108.06999969482422,1725.52001953125,1603.739990234375,0.01
2013-09-25,64.04,102.66000366210938,1692.77001953125,1579.9100341796875,0.02
2013-10-02,67.18,104.0999984741211,1693.8699951171875,1583.300048828125,0.02
2013-10-09,64.7,101.61000061035156,1656.4000244140625,1534.6500244140625,0.05
2013-10-16,68.82,102.29000091552734,1721.5400390625,1584.3499755859375,0.1
2013-10-23,69.86,96.86000061035156,1746.3800048828125,1599.56005859375,0.04
2013-10-30,66.75,96.7699966430664,1763.31005859375,1613.1600341796875,0.04
2013-11-06,69.28,94.80000305175781,1770.489990234375,1610.8699951171875,0.05
2013-11-13,69.55,93.87999725341797,1782.0,1634.31005859375,0.08
2013-11-20,65.59,93.33000183105469,1781.3699951171875,1625.280029296875,0.08
2013-11-27,66.04,92.30000305175781,1807.22998046875,1663.8599853515625,0.07
2013-12-04,65.62,97.19999694824219,1792.81005859375,1650.4000244140625,0.06
2013-12-11,62.02,97.44000244140625,1782.219970703125,1640.3800048828125,0.07
2013-12-18,63.95,97.80000305175781,1810.6500244140625,1681.8800048828125,0.07
2013-12-25,64.95,99.22000122070312,1833.3199462890625,1715.5899658203125,0.07
2014-01-01,66.84,98.41999816894531,1848.3599853515625,1732.9100341796875,0.07
2014-01-08,70.64,92.33000183105469,1837.489990234375,1744.3399658203125,0.05
2014-01-15,71.71,94.16999816894531,1848.3800048828125,1774.469970703125,0.04
2014-01-22,72.59,96.7300033569336,1844.8599853515625,1789.27001953125,0.04
2014-01-29,67.78,97.36000061035156,1774.199951171875,1724.030029296875,0.04
2014-02-05,65.42,97.37999725341797,1751.6400146484375,1701.81005859375,0.07
2014-02-12,68.54,100.37000274658203,1819.260009765625,1783.6700439453125,0.05
2014-02-19,70.9,103.30999755859375,1828.75,1803.3599853515625,0.06
2014-02-26,74.47,102.58999633789062,1845.1600341796875,1830.8699951171875,0.05
2014-03-05,80.95,101.44999694824219,1873.81005859375,1850.68994140625,0.06
2014-03-12,79.66,97.98999786376953,1868.199951171875,1833.8900146484375,0.05
2014-03-19,79.07,100.37000274658203,1860.77001953125,1836.5899658203125,0.06
2014-03-26,72.78,100.26000213623047,1852.56005859375,1796.0799560546875,0.05
2014-04-02,76.55,99.62000274658203,1890.9000244140625,1839.3800048828125,0.02
2014-04-09,72.91,103.5999984741211,1872.1800537109375,1804.949951171875,0.04
2014-04-16,69.89,103.76000213623047,1862.31005859375,1777.0899658203125,0.04
2014-04-23,72.16,101.44000244140625,1875.3900146484375,1797.9000244140625,0.02
2014-04-30,68.69,99.73999786376953,1883.949951171875,1776.9200439453125,0.03
2014-05-07,65.23,100.7699966430664,1878.2099609375,1766.6099853515625,0.03
2014-05-14,63.6,102.37000274658203,1888.530029296875,1781.550048828125,0.03
2014-05-21,64.31,104.06999969482422,1888.030029296875,1783.52001953125,0.04
2014-05-28,67.4,102.72000122070312,1909.780029296875,1809.1400146484375,0.04
2014-06-04,65.67,102.63999938964844,1927.8800048828125,1821.97998046875,0.04
2014-06-11,67.16,104.4000015258789,1943.8900146484375,1842.02001953125,0.04
2014-06-18,72.08,105.97000122070312,1956.97998046875,1856.5400390625,0.03
2014-06-25,71.1,106.5,1959.530029296875,1853.47998046875,0.03
2014-07-02,71.83,104.4800033569336,1974.6199951171875,1884.8900146484375,0.02
2014-07-09,68.83,102.29000091552734,1972.8299560546875,1868.1700439453125,0.03
2014-07-16,68.12,101.19999694824219,1981.5699462890625,1869.8699951171875,0.02
2014-07-23,68.78,103.12000274658203,1987.010009765625,1881.3900146484375,0.03
2014-07-30,67.75,100.2699966430664,1970.0699462890625,1889.0400390625,0.04
2014-08-06,65.82,96.91999816894531,1920.239990234375,1841.9300537109375,0.03
2014-08-13,67.84,97.58999633789062,1946.719970703125,1861.469970703125,0.04
2014-08-20,70.99,96.06999969482422,1986.510009765625,1900.1800537109375,0.04
2014-08-27,70.95,93.87999725341797,2000.1199951171875,1915.4300537109375,0.04
2014-09-03,71.38,95.54000091552734,2000.719970703125,1923.2900390625,0.03
2014-09-10,72.42,91.66999816894531,1995.68994140625,1921.0899658203125,0.02
2014-09-17,70.96,94.41999816894531,2001.5699462890625,1912.760009765625,0.02
2014-09-24,68.42,92.80000305175781,1998.300048828125,1907.1600341796875,0.02
2014-10-01,64.11,90.7300033569336,1946.1600341796875,1854.6199951171875,0.02
2014-10-08,62.05,87.30999755859375,1968.8900146484375,1865.4300537109375,0.01
2014-10-15,57.43,81.77999877929688,1862.489990234375,1748.9200439453125,0.02
2014-10-22,59.14,80.5199966430664,1927.1099853515625,1798.489990234375,0.02
2014-10-29,61.13,82.19999694824219,1982.300048828125,1871.1099853515625,0.03
2014-11-05,61.31,78.68000030517578,2023.5699462890625,1932.510009765625,0.03
2014-11-12,59.91,77.18000030517578,2038.25,1938.1199951171875,0.02
2014-11-19,58.88,74.58000183105469,2048.719970703125,1945.800048828125,0.01
2014-11-26,60.16,73.69000244140625,2072.830078125,1985.1099853515625,0.02
2014-12-03,56.86,67.37999725341797,2074.330078125,2004.5999755859375,0.01
2014-12-10,53.99,60.939998626708984,2026.1400146484375,1961.8199462890625,0.03
2014-12-17,53.57,56.470001220703125,2012.8900146484375,1943.8499755859375,0.03
2014-12-24,55.59,55.84000015258789,2081.8798828125,2010.9000244140625,0.01
2014-12-31,55.32,53.27000045776367,2058.89990234375,1979.2900390625,0.04
2015-01-07,52.33,48.650001525878906,2025.9000244140625,1948.93994140625,0.03
2015-01-14,52.14,48.47999954223633,2011.27001953125,1943.010009765625,0.04
2015-01-21,50.57,47.779998779296875,2032.1199951171875,1958.52001953125,0.03
2015-01-28,51.3,44.45000076293945,2002.1600341796875,1923.050048828125,0.02
2015-02-04,54.02,48.45000076293945,2041.510009765625,1969.219970703125,0.01
2015-02-11,55.66,48.84000015258789,2068.530029296875,2000.47998046875,0.01
2015-02-18,56.83,52.13999938964844,2099.679931640625,2049.030029296875,0.02
2015-02-25,58.39,50.9900016784668,2113.860107421875,2080.550048828125,0.02
2015-03-04,57.49,51.529998779296875,2098.530029296875,2070.219970703125,0.01
2015-03-11,56.97,48.16999816894531,2040.239990234375,2011.760009765625,0.03
2015-03-18,58.47,44.65999984741211,2099.5,2069.8701171875,0.03
2015-03-25,58.21,49.209999084472656,2061.050048828125,2028.27001953125,0.04
2015-04-01,58.74,50.09000015258789,2059.68994140625,2027.43994140625,0.03
2015-04-08,59.68,50.41999816894531,2081.89990234375,2059.3701171875,0.03
2015-04-15,62.03,56.38999938964844,2106.6298828125,2086.47998046875,0.02
2015-04-22,61.33,56.15999984741211,2107.9599609375,2101.06005859375,0.03
2015-04-29,61.65,58.58000183105469,2106.85009765625,2077.570068359375,0.01
2015-05-06,58.68,60.93000030517578,2080.14990234375,2051.14990234375,0.02
2015-05-13,59.91,60.5,2098.47998046875,2081.0,0.02
2015-05-20,59.2,58.97999954223633,2125.85009765625,2111.780029296875,0.02
2015-05-27,59.18,57.5099983215332,2123.47998046875,2117.110107421875,0.01
2015-06-03,59.39,59.63999938964844,2114.070068359375,2109.9599609375,0.02
2015-06-10,58.99,61.43000030517578,2105.199951171875,2093.8701171875,0.02
2015-06-17,59.44,59.91999816894531,2100.43994140625,2087.4599609375,0.01
2015-06-24,59.56,60.27000045776367,2108.580078125,2098.75,0.01
2015-07-01,55.9,56.959999084472656,2077.419921875,2046.02001953125,0.01
2015-07-08,51.37,51.650001525878906,2046.6800537109375,2011.4300537109375,0.02
2015-07-15,52.91,51.40999984741211,2107.39990234375,2066.610107421875,0.02
2015-07-22,51.85,49.189998626708984,2114.14990234375,2058.89990234375,0.04
2015-07-29,52.18,48.790000915527344,2108.570068359375,2044.3900146484375,0.06
2015-08-05,51.16,45.150001525878906,2099.840087890625,2067.530029296875,0.08
2015-08-12,49.48,43.29999923706055,2086.050048828125,2029.260009765625,0.1
2015-08-19,47.65,40.79999923706055,2079.610107421875,2016.7900390625,0.05
2015-08-26,43.06,38.599998474121094,1940.510009765625,1885.8299560546875,0.06
2015-09-02,45.19,46.25,1948.8599853515625,1900.3299560546875,0.03
2015-09-09,46.1,44.150001525878906,1942.0400390625,1903.4100341796875,0.03
2015-09-16,46.81,47.150001525878906,1995.31005859375,1952.81005859375,0.06
2015-09-23,44.36,44.47999954223633,1938.760009765625,1885.31005859375,0.01
2015-09-30,42.64,45.09000015258789,1920.030029296875,1857.949951171875,-0.01
2015-10-07,47.89,47.810001373291016,1995.8299560546875,1918.239990234375,0.0
2015-10-14,47.68,46.63999938964844,1994.239990234375,1917.780029296875,0.0
2015-10-21,46.24,45.20000076293945,2018.93994140625,1909.5,0.01
2015-10-28,47.01,45.939998626708984,2090.35009765625,1983.52001953125,0.04
2015-11-04,48.12,46.31999969482422,2102.31005859375,1983.25,0.05
2015-11-11,44.11,42.93000030517578,2075.0,1948.9599609375,0.13
2015-11-18,43.15,40.75,2083.580078125,1957.1800537109375,0.12
2015-11-25,44.01,43.040000915527344,2088.8701171875,1975.5799560546875,0.19
2015-12-02,45.62,39.939998626708984,2079.510009765625,1976.699951171875,0.21
2015-12-09,45.17,37.15999984741211,2047.6199951171875,1940.8299560546875,0.26
2015-12-16,49.31,35.52000045776367,2073.070068359375,1965.8399658203125,0.27
2015-12-23,50.28,37.5,2064.2900390625,1960.25,0.2
2015-12-30,49.79,36.599998474121094,2063.360107421875,1963.239990234375,0.21
2016-01-06,47.06,33.970001220703125,1990.260009765625,1886.199951171875,0.21
2016-01-13,40.64,30.479999542236328,1890.280029296875,1776.2099609375,0.22
2016-01-20,39.04,26.549999237060547,1859.3299560546875,1750.699951171875,0.26
2016-01-27,40.54,32.29999923706055,1882.949951171875,1758.4100341796875,0.32
2016-02-03,40.91,32.279998779296875,1912.530029296875,1777.8699951171875,0.33
2016-02-10,37.89,27.450000762939453,1851.8599853515625,1699.1800537109375,0.31
2016-02-17,39.77,30.65999984741211,1926.8199462890625,1788.800048828125,0.3
2016-02-24,39.88,32.150001525878906,1929.800048828125,1801.1500244140625,0.33
2016-03-02,43.29,34.65999984741211,1986.449951171875,1857.1300048828125,0.35
2016-03-09,42.97,38.290000915527344,1989.260009765625,1843.3900146484375,0.3
2016-03-16,42.9,38.459999084472656,2027.219970703125,1855.1500244140625,0.31
2016-03-23,41.73,39.790000915527344,2036.7099609375,1867.969970703125,0.3
2016-03-30,41.95,38.31999969482422,2063.949951171875,1895.030029296875,0.2
2016-04-06,41.86,37.75,2066.659912109375,1916.780029296875,0.23
2016-04-13,42.54,41.7599983215332,2082.419921875,1920.010009765625,0.23
2016-04-20,43.31,42.630001068115234,2102.39990234375,1927.5699462890625,0.23
2016-04-27,44.19,45.33000183105469,2095.14990234375,1943.2099609375,0.24
2016-05-04,40.92,43.779998779296875,2051.1201171875,1874.5999755859375,0.19
2016-05-11,39.23,46.22999954223633,2064.4599609375,1890.8800048828125,0.26
2016-05-18,38.61,48.189998626708984,2047.6300048828125,1892.27001953125,0.3
2016-05-25,40.49,49.560001373291016,2090.5400390625,1953.47998046875,0.33
2016-06-01,40.45,49.0099983215332,2099.330078125,1974.8299560546875,0.3
2016-06-08,41.18,51.22999954223633,2119.1201171875,1990.550048828125,0.24
2016-06-15,38.78,48.0099983215332,2071.5,1939.1300048828125,0.26
2016-06-22,38.97,49.130001068115234,2085.449951171875,1950.9599609375,0.27
2016-06-29,38.74,49.880001068115234,2070.77001953125,1919.4000244140625,0.26
2016-07-06,39.6,47.43000030517578,2099.72998046875,1943.719970703125,0.27
2016-07-13,40.81,44.75,2152.429931640625,2010.780029296875,0.31
2016-07-20,41.42,44.939998626708984,2173.02001953125,2056.760009765625,0.32
2016-07-27,41.53,41.91999816894531,2166.580078125,2080.159912109375,0.31
2016-08-03,41.09,40.83000183105469,2163.7900390625,2079.97998046875,0.28
2016-08-10,40.09,41.709999084472656,2175.489990234375,2090.81005859375,0.28
2016-08-17,39.95,46.790000915527344,2182.219970703125,2092.14990234375,0.3
2016-08-24,39.86,46.77000045776367,2175.43994140625,2094.159912109375,0.31
2016-08-31,39.88,44.70000076293945,2170.949951171875,2096.72998046875,0.33
2016-09-07,40.61,45.5,2186.159912109375,2118.8798828125,0.34
2016-09-14,37.89,43.58000183105469,2125.77001953125,2065.31005859375,0.33
2016-09-21,39.01,45.34000015258789,2163.1201171875,2120.800048828125,0.22
2016-09-28,40.46,47.04999923706055,2171.3701171875,2135.590087890625,0.27
2016-10-05,40.71,49.83000183105469,2159.72998046875,2128.590087890625,0.32
2016-10-12,39.59,50.18000030517578,2139.179931640625,2079.97998046875,0.36
2016-10-19,40.13,51.599998474121094,2144.2900390625,2086.18994140625,0.34
2016-10-26,39.27,49.18000030517578,2139.429931640625,2092.22998046875,0.33
2016-11-02,37.54,45.34000015258789,2097.93994140625,2051.699951171875,0.36
2016-11-09,37.27,45.27000045776367,2163.260009765625,2116.7900390625,0.44
2016-11-16,38.27,45.56999969482422,2176.93994140625,2141.18994140625,0.46
2016-11-23,38.91,47.959999084472656,2204.719970703125,2159.469970703125,0.5
2016-11-30,38.21,49.439998626708984,2198.81005859375,2141.0400390625,0.48
2016-12-07,39.72,49.77000045776367,2241.35009765625,2160.14990234375,0.51
2016-12-14,38.54,51.040000915527344,2253.280029296875,2165.06005859375,0.54
2016-12-21,39.29,52.4900016784668,2265.179931640625,2178.300048828125,0.51
2016-12-28,38.92,54.060001373291016,2249.919921875,2164.72998046875,0.52
2017-01-04,39.69,53.2599983215332,2270.75,2192.530029296875,0.52
2017-01-11,39.57,52.25,2275.320068359375,2222.14990234375,0.51
2017-01-18,39.45,51.08000183105469,2271.889892578125,2219.97998046875,0.52
2017-01-25,40.17,52.75,2298.3701171875,2258.419921875,0.49
2017-02-01,39.2,53.880001068115234,2279.550048828125,2250.739990234375,0.5
2017-02-08,39.04,52.34000015258789,2294.669921875,2282.429931640625,0.53
2017-02-15,40.95,53.11000061035156,2349.25,2331.2099609375,0.53
2017-02-22,41.58,53.59000015258789,2362.820068359375,2348.780029296875,0.52
2017-03-01,41.13,53.83000183105469,2395.9599609375,2366.260009765625,0.62
2017-03-08,40.4,50.279998779296875,2362.97998046875,2339.860107421875,0.72
2017-03-15,40.93,48.86000061035156,2385.260009765625,2376.2099609375,0.72
2017-03-22,40.13,48.040000915527344,2348.449951171875,2351.89990234375,0.76
2017-03-29,41.21,49.5099983215332,2361.1298828125,2364.590087890625,0.77
2017-04-05,41.45,51.150001525878906,2352.949951171875,2340.820068359375,0.79
2017-04-12,42.22,53.11000061035156,2344.929931640625,2337.64990234375,0.8
2017-04-19,42.13,50.439998626708984,2338.169921875,2350.6298828125,0.8
2017-04-26,43.67,49.619998931884766,2387.449951171875,2407.919921875,0.82
2017-05-03,42.78,47.81999969482422,2388.1298828125,2413.409912109375,0.84
2017-05-10,43.3,47.33000183105469,2399.6298828125,2434.969970703125,0.89
2017-05-17,41.16,49.06999969482422,2357.030029296875,2397.8798828125,0.89
2017-05-24,42.88,51.36000061035156,2404.389892578125,2458.739990234375,0.92
2017-05-31,43.03,48.31999969482422,2411.800048828125,2474.429931640625,0.96
2017-06-07,43.2,45.720001220703125,2433.139892578125,2501.929931640625,0.98
2017-06-14,43.93,44.72999954223633,2437.919921875,2469.800048828125,0.99
2017-06-21,43.64,42.529998779296875,2435.610107421875,2505.840087890625,0.97
2017-06-28,45.57,44.7400016784668,2440.68994140625,2508.840087890625,1.0
2017-07-05,44.4,45.130001068115234,2432.5400390625,2475.35009765625,1.03
2017-07-12,45.5,45.4900016784668,2443.25,2529.219970703125,1.03
2017-07-19,47.33,47.119998931884766,2473.830078125,2570.659912109375,1.09
2017-07-26,47.29,48.75,2477.830078125,2590.909912109375,1.11
2017-08-02,46.31,49.59000015258789,2477.570068359375,2564.52001953125,1.06
2017-08-09,46.1,49.560001373291016,2474.02001953125,2571.070068359375,1.04
2017-08-16,45.19,46.779998779296875,2468.110107421875,2583.8798828125,1.0
2017-08-23,44.48,48.40999984741211,2444.0400390625,2567.0,0.98
2017-08-30,45.28,45.959999084472656,2457.590087890625,2609.27001953125,1.01
2017-09-06,45.9,49.15999984741211,2465.5400390625,2618.219970703125,1.05
2017-09-13,47.62,49.29999923706055,2498.3701171875,2659.800048828125,1.02
2017-09-20,48.89,50.40999984741211,2508.239990234375,2673.06005859375,1.02
2017-09-27,48.89,52.13999938964844,2507.0400390625,2673.5400390625,1.05
2017-10-04,49.58,49.97999954223633,2537.739990234375,2712.219970703125,1.06
2017-10-11,49.75,51.29999923706055,2555.239990234375,2746.340087890625,1.08
2017-10-18,50.54,52.040000915527344,2561.260009765625,2764.989990234375,1.07
2017-10-25,49.99,52.18000030517578,2557.14990234375,2760.739990234375,1.1
2017-11-01,51.51,54.29999923706055,2579.360107421875,2785.719970703125,1.16
2017-11-08,52.5,56.810001373291016,2594.3798828125,2815.89990234375,1.21
2017-11-15,50.58,55.33000183105469,2564.6201171875,2773.110107421875,1.23
2017-11-22,52.16,58.02000045776367,2597.080078125,2832.68994140625,1.27
2017-11-29,51.78,57.29999923706055,2626.070068359375,2798.820068359375,1.27
2017-12-06,50.89,55.959999084472656,2629.27001953125,2766.239990234375,1.28
2017-12-13,52.07,56.599998474121094,2662.85009765625,2818.389892578125,1.28
2017-12-20,52.92,58.09000015258789,2679.25,2842.219970703125,1.36
2017-12-27,53.22,59.63999938964844,2682.6201171875,2828.929931640625,1.42
2018-01-03,53.88,61.630001068115234,2713.06005859375,2893.919921875,1.39
2018-01-10,53.46,63.56999969482422,2748.22998046875,2950.89990234375,1.4
2018-01-17,54.04,63.970001220703125,2802.56005859375,3031.22998046875,1.42
2018-01-24,52.99,65.61000061035156,2837.5400390625,3057.510009765625,1.41
2018-01-31,52.08,64.7300033569336,2823.81005859375,3069.389892578125,1.44
2018-02-07,49.1,61.790000915527344,2681.659912109375,2919.14990234375,1.53
2018-02-14,50.83,60.599998474121094,2698.6298828125,2945.010009765625,1.56
2018-02-21,52.4,61.68000030517578,2701.330078125,2971.510009765625,1.62
2018-02-28,50.91,61.63999938964844,2713.830078125,3002.639892578125,1.63
2018-03-07,51.81,61.150001525878906,2726.800048828125,3064.340087890625,1.65
2018-03-14,52.99,60.959999084472656,2749.47998046875,3090.47998046875,1.73
2018-03-21,53.94,65.16999816894531,2711.929931640625,3072.64990234375,1.71
2018-03-28,50.99,64.37999725341797,2605.0,2913.679931640625,1.7
2018-04-04,52.29,63.369998931884766,2644.68994140625,2959.39990234375,1.68
2018-04-11,52.59,66.81999969482422,2642.18994140625,2975.030029296875,1.7
2018-04-18,53.94,68.47000122070312,2708.639892578125,3064.5400390625,1.78
2018-04-25,51.67,68.05000305175781,2639.39990234375,2941.550048828125,1.82
2018-05-02,51.72,67.93000030517578,2635.669921875,2956.0400390625,1.81
2018-05-09,53.8,71.13999938964844,2697.7900390625,3081.070068359375,1.85
2018-05-16,55.98,71.48999786376953,2722.4599609375,3093.739990234375,1.88
2018-05-23,55.08,71.83999633789062,2733.2900390625,3117.090087890625,1.88
2018-05-30,55.21,68.20999908447266,2724.010009765625,3115.919921875,1.9
2018-06-06,53.08,64.7300033569336,2772.35009765625,3214.56005859375,1.91
2018-06-13,53.29,66.63999938964844,2775.6298828125,3205.169921875,1.9
2018-06-20,52.96,66.22000122070312,2767.320068359375,3171.199951171875,1.9
2018-06-27,51.74,72.76000213623047,2699.6298828125,3018.9599609375,1.89
2018-07-04,52.08,74.13999938964844,2713.219970703125,3066.97998046875,1.94
2018-07-11,53.14,70.37999725341797,2774.02001953125,3157.449951171875,1.93
2018-07-18,52.86,68.76000213623047,2815.6201171875,3250.25,1.96
2018-07-25,52.86,69.30000305175781,2846.070068359375,3275.159912109375,1.97
2018-08-01,52.94,67.66000366210938,2813.360107421875,3200.93994140625,1.99
2018-08-08,54.26,66.94000244140625,2857.699951171875,3251.6201171875,2.02
2018-08-15,51.98,65.01000213623047,2818.3701171875,3183.360107421875,2.03
2018-08-22,53.07,67.86000061035156,2861.820068359375,3250.050048828125,2.05
2018-08-29,54.18,69.51000213623047,2914.0400390625,3336.64990234375,2.09
2018-09-05,53.36,68.72000122070312,2888.60009765625,3281.080078125,2.1
2018-09-12,52.64,70.37000274658203,2888.919921875,3278.239990234375,2.12
2018-09-19,53.37,71.12000274658203,2907.949951171875,3299.840087890625,2.12
2018-09-26,52.05,71.56999969482422,2905.969970703125,3320.199951171875,2.16
2018-10-03,52.27,76.41000366210938,2925.510009765625,3342.739990234375,2.19
2018-10-10,47.76,73.16999816894531,2785.679931640625,3068.699951171875,2.23
2018-10-17,49.77,69.75,2809.2099609375,3148.72998046875,2.27
2018-10-24,45.81,66.81999969482422,2656.10009765625,2913.449951171875,2.29
2018-10-31,48.44,65.30999755859375,2711.739990234375,3006.929931640625,2.29
2018-11-07,50.58,61.66999816894531,2813.889892578125,3140.02001953125,2.32
2018-11-14,47.71,56.25,2701.580078125,3000.659912109375,2.33
2018-11-21,48.05,54.630001068115234,2649.929931640625,2934.3798828125,2.36
2018-11-28,51.13,50.290000915527344,2743.7900390625,3057.820068359375,2.35
2018-12-05,49.98,53.25,2700.06005859375,3013.280029296875,2.38
2018-12-12,49.39,51.150001525878906,2651.070068359375,2995.800048828125,2.39
2018-12-19,45.5,47.20000076293945,2506.9599609375,2816.169921875,2.35
2018-12-26,44.58,46.220001220703125,2467.699951171875,2761.739990234375,2.39
2019-01-02,45.34,46.540000915527344,2510.030029296875,2817.0400390625,2.37
2019-01-09,48.37,52.36000061035156,2584.9599609375,2927.97998046875,2.4
2019-01-16,49.46,52.310001373291016,2616.10009765625,2946.830078125,2.38
2019-01-23,49.06,52.619998931884766,2638.699951171875,2978.4599609375,2.36
2019-01-30,52.31,54.22999954223633,2681.050048828125,3061.780029296875,2.37
2019-02-06,53.91,54.0099983215332,2731.610107421875,3169.530029296875,2.37
2019-02-13,54.53,53.900001525878906,2753.030029296875,3221.929931640625,2.39
2019-02-20,56.36,56.91999816894531,2784.699951171875,3276.580078125,2.4
2019-02-27,58.76,56.939998626708984,2792.3798828125,3306.7900390625,2.4
2019-03-06,56.12,56.220001220703125,2771.449951171875,3252.27001953125,2.41
2019-03-13,57.38,58.2599983215332,2810.919921875,3282.949951171875,2.4
2019-03-20,58.22,59.83000183105469,2824.22998046875,3312.429931640625,2.42
2019-03-27,54.63,59.40999984741211,2805.3701171875,3250.590087890625,2.39
2019-04-03,57.43,62.459999084472656,2873.39990234375,3376.050048828125,2.39
2019-04-10,58.46,64.61000061035156,2888.2099609375,3392.2900390625,2.38
2019-04-17,59.09,63.7599983215332,2900.449951171875,3396.85009765625,2.39
2019-04-24,59.54,65.88999938964844,2927.25,3433.97998046875,2.39
2019-05-01,58.9,63.599998474121094,2923.72998046875,3425.0400390625,2.38
2019-05-08,58.7,62.119998931884766,2879.419921875,3361.75,2.38
2019-05-15,57.9,62.02000045776367,2850.9599609375,3301.81005859375,2.37
2019-05-22,57.85,61.41999816894531,2856.27001953125,3275.4599609375,2.33
2019-05-29,56.56,58.810001373291016,2783.02001953125,3185.6298828125,2.32
2019-06-05,57.89,51.68000030517578,2826.14990234375,3249.139892578125,2.3
2019-06-12,58.59,51.13999938964844,2879.840087890625,3313.260009765625,2.19
2019-06-19,61.0,53.7599983215332,2926.4599609375,3382.360107421875,2.13
2019-06-26,60.02,59.380001068115234,2913.780029296875,3382.199951171875,2.1
2019-07-03,62.75,57.34000015258789,2995.820068359375,3474.919921875,2.16
2019-07-10,62.71,60.43000030517578,2993.070068359375,3455.800048828125,2.15
2019-07-17,62.42,56.779998779296875,2984.419921875,3448.280029296875,2.09
2019-07-24,63.46,55.880001068115234,3019.56005859375,3530.489990234375,2.05
2019-07-31,63.09,58.58000183105469,2980.3798828125,3443.02001953125,2.04
2019-08-07,62.16,51.09000015258789,2883.97998046875,3312.659912109375,1.98
2019-08-14,59.45,55.22999954223633,2840.60009765625,3254.739990234375,1.92
2019-08-21,62.05,55.68000030517578,2924.429931640625,3373.6298828125,1.93
2019-08-28,60.08,55.779998779296875,2887.93994140625,3315.43994140625,1.95
2019-09-04,60.39,56.2599983215332,2937.780029296875,3382.739990234375,1.93
2019-09-11,63.01,55.75,3000.929931640625,3463.3701171875,1.92
2019-09-18,64.3,58.11000061035156,3006.72998046875,3474.25,1.91
2019-09-25,63.29,56.4900016784668,2984.8701171875,3446.840087890625,1.85
2019-10-02,58.43,52.63999938964844,2887.610107421875,3324.31005859375,1.75
2019-10-09,59.08,52.59000015258789,2919.39990234375,3371.110107421875,1.66
2019-10-16,59.61,53.36000061035156,2989.68994140625,3451.550048828125,1.63
2019-10-23,60.45,55.970001220703125,3004.52001953125,3430.10009765625,1.62
2019-10-30,60.53,55.060001373291016,3046.77001953125,3530.639892578125,1.59
2019-11-06,62.09,56.349998474121094,3076.780029296875,3549.580078125,1.53
2019-11-13,62.11,57.119998931884766,3094.0400390625,3604.1298828125,1.54
2019-11-20,62.76,57.11000061035156,3108.4599609375,3636.4599609375,1.54
2019-11-27,64.95,58.11000061035156,3153.6298828125,3685.85009765625,1.59
2019-12-04,63.96,58.43000030517578,3112.760009765625,3605.070068359375,1.52
2019-12-11,64.65,58.7599983215332,3141.6298828125,3654.389892578125,1.54
2019-12-18,68.69,60.93000030517578,3191.139892578125,3708.929931640625,1.53
2019-12-25,70.1,61.11000061035156,3223.3798828125,3758.989990234375,1.55
2020-01-01,70.74,61.060001373291016,3230.780029296875,3747.780029296875,1.52
2020-01-08,73.2,59.61000061035156,3253.050048828125,3811.2099609375,1.51
2020-01-15,77.3,57.810001373291016,3289.2900390625,3845.25,1.54
2020-01-22,77.76,56.7400016784668,3321.75,3897.1298828125,1.52
2020-01-29,75.97,53.33000183105469,3273.39990234375,3830.760009765625,1.53
2020-02-05,80.4,50.75,3334.68994140625,3901.679931640625,1.54
2020-02-12,85.73,51.16999816894531,3379.449951171875,3953.580078125,1.55
2020-02-19,91.58,53.290000915527344,3386.14990234375,3979.1298828125,1.55
2020-02-26,82.99,48.72999954223633,3116.389892578125,3621.18994140625,1.5
2020-03-04,82.07,46.779998779296875,3130.1201171875,3647.909912109375,0.71
2020-03-11,66.17,32.97999954223633,2741.3798828125,3201.610107421875,0.41
2020-03-18,47.37,20.3700008392334,2398.10009765625,2790.719970703125,0.02
2020-03-25,58.11,24.489999771118164,2475.56005859375,2990.610107421875,-0.04
2020-04-01,51.68,20.309999465942383,2470.5,2958.179931640625,0.09
2020-04-08,59.22,25.09000015258789,2749.97998046875,3285.6201171875,0.22
2020-04-15,59.46,19.8700008392334,2783.360107421875,3333.110107421875,0.14
2020-04-22,60.51,13.779999732971191,2799.31005859375,3383.239990234375,0.12
2020-04-29,68.75,15.0600004196167,2939.510009765625,3538.5400390625,0.1
2020-05-06,64.91,23.989999771118164,2848.419921875,3441.4599609375,0.12
2020-05-13,63.21,25.290000915527344,2820.0,3422.43994140625,0.13
2020-05-20,69.82,33.4900016784668,2971.610107421875,3613.75,0.12
2020-05-27,73.3,32.810001373291016,3036.1298828125,3646.830078125,0.15
2020-06-03,77.47,37.290000915527344,3122.8701171875,3783.219970703125,0.16
2020-06-10,82.31,39.599998474121094,3190.139892578125,3866.3701171875,0.17
2020-06-17,78.86,37.959999084472656,3113.489990234375,3805.68994140625,0.17
2020-06-24,79.72,38.0099983215332,3050.330078125,3738.35009765625,0.15
2020-07-01,84.98,39.81999969482422,3115.860107421875,3818.659912109375,0.14
2020-07-08,94.14,40.900001525878906,3169.93994140625,3916.639892578125,0.15
2020-07-15,99.95,41.20000076293945,3226.56005859375,3928.02001953125,0.16
2020-07-22,101.57,41.900001525878906,3276.02001953125,4019.3701171875,0.13
2020-07-29,98.09,41.27000045776367,3258.43994140625,3960.070068359375,0.11
2020-08-05,107.02,42.189998626708984,3327.77001953125,4070.1201171875,0.1
2020-08-12,109.51,42.66999816894531,3380.35009765625,4076.080078125,0.11
2020-08-19,113.1,42.93000030517578,3374.85009765625,4090.5400390625,0.11
2020-08-26,116.24,43.38999938964844,3478.72998046875,4244.14013671875,0.11
2020-09-02,120.1,41.5099983215332,3580.840087890625,4384.009765625,0.12
2020-09-09,113.53,38.04999923706055,3398.9599609375,4066.7900390625,0.12
2020-09-16,119.44,40.15999984741211,3385.489990234375,4079.1201171875,0.12
2020-09-23,113.11,39.93000030517578,3236.919921875,3936.2900390625,0.11
2020-09-30,126.11,40.220001220703125,3363.0,4108.56005859375,0.1
2020-10-07,143.68,39.95000076293945,3419.43994140625,4196.0400390625,0.1
2020-10-14,146.83,41.040000915527344,3488.669921875,4305.14013671875,0.12
2020-10-21,139.41,40.029998779296875,3435.56005859375,4219.25,0.1
2020-10-28,131.71,37.38999938964844,3271.030029296875,3991.739990234375,0.1
2020-11-04,137.17,39.150001525878906,3443.43994140625,4244.68017578125,0.1
2020-11-11,155.15,41.45000076293945,3572.659912109375,4345.240234375,0.1
2020-11-18,166.18,41.81999969482422,3567.7900390625,4331.4599609375,0.09
2020-11-25,192.95,45.709999084472656,3629.64990234375,4404.77978515625,0.09
2020-12-02,182.04,45.279998779296875,3669.010009765625,4497.18017578125,0.09
2020-12-09,184.82,45.52000045776367,3672.820068359375,4522.56005859375,0.08
2020-12-16,195.55,47.81999969482422,3701.169921875,4575.6298828125,0.09
2020-12-23,225.0,48.119998931884766,3690.010009765625,4571.93017578125,0.09
2020-12-30,216.45,48.400001525878906,3732.0400390625,4606.14013671875,0.08
2021-01-06,234.47,50.630001068115234,3748.139892578125,4599.5,0.09
2021-01-13,261.22,52.90999984741211,3809.840087890625,4701.06005859375,0.09
2021-01-20,260.07,53.2400016784668,3851.85009765625,4821.02978515625,0.08
2021-01-27,258.49,52.849998474121094,3750.77001953125,4723.35986328125,0.08
2021-02-03,267.29,55.689998626708984,3830.169921875,4775.18017578125,0.04
2021-02-10,276.04,58.68000030517578,3909.8798828125,4946.330078125,0.05
2021-02-17,257.65,61.13999938964844,3931.330078125,5035.0400390625,0.04
2021-02-24,236.48,63.220001220703125,3925.429931640625,4971.3798828125,0.03
2021-03-03,212.02,61.279998779296875,3819.719970703125,4743.52978515625,0.05
2021-03-10,209.64,64.44000244140625,3898.81005859375,4717.18017578125,0.04
2021-03-17,216.48,64.5999984741211,3974.1201171875,4899.5,0.02
2021-03-24,187.57,61.18000030517578,3889.139892578125,4773.77001953125,0.02
2021-03-31,203.74,59.15999984741211,3972.889892578125,4930.3701171875,0.03
2021-04-07,195.55,59.77000045776367,4079.949951171875,5069.85986328125,0.02
2021-04-14,188.17,63.150001525878906,4124.66015625,5100.68994140625,0.02
2021-04-21,181.03,61.349998474121094,4173.419921875,5133.33984375,0.03
2021-04-28,190.78,63.86000061035156,4183.18017578125,5139.81982421875,0.01
2021-05-05,170.0,65.62999725341797,4167.58984375,4985.7998046875,0.02
2021-05-12,151.16,66.08000183105469,4063.0400390625,4828.83984375,0.02
2021-05-19,161.4,63.36000061035156,4115.68017578125,4967.89990234375,0.01
2021-05-26,169.88,66.20999908447266,4195.990234375,5119.830078125,0.02
2021-06-02,178.14,68.83000183105469,4208.1201171875,5184.60009765625,0.02
2021-06-09,184.89,69.95999908447266,4219.5498046875,5263.93017578125,0.03
2021-06-16,182.36,72.1500015258789,4223.7001953125,5285.68017578125,0.04
2021-06-23,186.26,73.08000183105469,4241.83984375,5321.10986328125,0.05
2021-06-30,193.43,73.47000122070312,4297.5,5418.18994140625,0.05
2021-07-07,181.7,72.19999694824219,4358.1298828125,5427.47021484375,0.05
2021-07-14,171.27,73.12999725341797,4374.2998046875,5423.6201171875,0.06
2021-07-21,177.85,70.30000305175781,4358.68994140625,5424.169921875,0.05
2021-07-28,171.42,72.38999938964844,4400.64013671875,5481.64990234375,0.05
2021-08-04,169.8,68.1500015258789,4402.66015625,5552.85986328125,0.05
2021-08-11,176.14,69.25,4442.41015625,5526.33984375,0.05
2021-08-18,157.78,65.45999908447266,4400.27001953125,5420.33984375,0.07
2021-08-25,165.42,68.36000061035156,4496.18994140625,5562.5498046875,0.06
2021-09-01,169.8,68.58999633789062,4524.08984375,5612.7099609375,0.05
2021-09-08,165.81,69.30000305175781,4514.06982421875,5574.740234375,0.05
2021-09-15,166.67,72.61000061035156,4480.7001953125,5572.93994140625,0.04
2021-09-22,163.42,72.2300033569336,4395.64013671875,5472.0498046875,0.03
2021-09-29,159.05,74.83000183105469,4359.4599609375,5318.259765625,0.04
2021-10-06,151.79,77.43000030517578,4363.5498046875,5274.89990234375,0.04
2021-10-13,166.44,80.44000244140625,4363.7998046875,5300.2900390625,0.05
2021-10-20,169.81,83.87000274658203,4536.18994140625,5513.0498046875,0.05
2021-10-27,172.81,82.66000366210938,4551.68017578125,5456.8701171875,0.06
2021-11-03,192.19,80.86000061035156,4660.56982421875,5654.93994140625,0.05
2021-11-10,186.48,81.33999633789062,4646.7099609375,5643.83984375,0.05
2021-11-17,192.29,78.36000061035156,4688.669921875,5747.75,0.05
2021-11-24,184.85,78.38999938964844,4701.4599609375,5700.31982421875,0.06
2021-12-01,168.37,65.56999969482422,4513.0400390625,5512.7001953125,0.06
2021-12-08,168.7,72.36000061035156,4701.2099609375,5698.81005859375,0.07
2021-12-15,155.04,70.87000274658203,4709.85009765625,5697.64013671875,0.06
2021-12-22,150.16,72.76000213623047,4696.56005859375,5677.14013671875,0.08
2021-12-29,144.88,76.55999755859375,4793.06005859375,5813.39013671875,0.05
2022-01-05,142.66,77.8499984741211,4700.580078125,5596.6201171875,0.09
2022-01-12,139.72,82.63999938964844,4726.35009765625,5644.8798828125,0.12
2022-01-19,124.19,86.95999908447266,4532.759765625,5398.1201171875,0.17
2022-01-26,112.39,87.3499984741211,4349.93017578125,5129.5498046875,0.19
2022-02-02,115.57,88.26000213623047,4589.3798828125,5415.77001953125,0.2
2022-02-09,122.23,89.66000366210938,4587.18017578125,5419.75,0.27
2022-02-16,123.79,93.66000366210938,4475.009765625,5228.490234375,0.39
2022-02-23,107.72,92.0999984741211,4225.5,4906.14013671875,0.36
2022-03-02,122.51,110.5999984741211,4386.5400390625,5140.33984375,0.33
2022-03-09,130.11,108.69999694824219,4277.8798828125,4974.93994140625,0.38
2022-03-16,127.61,95.04000091552734,4357.85986328125,5026.39990234375,0.43
2022-03-23,135.81,114.93000030517578,4456.240234375,5101.93994140625,0.5
2022-03-30,137.07,107.81999969482422,4602.4501953125,5283.83984375,0.55
2022-04-06,131.5,96.2300033569336,4481.14990234375,5095.81005859375,0.67
2022-04-13,125.54,104.25,4446.58984375,5015.740234375,0.75
2022-04-20,119.32,102.75,4459.4501953125,5045.64990234375,0.82
2022-04-27,107.08,102.0199966430664,4183.9599609375,4693.64013671875,0.82
2022-05-04,116.89,107.80999755859375,4300.169921875,4934.509765625,0.88
2022-05-11,87.8,105.70999908447266,3935.179931640625,4425.2998046875,0.9
2022-05-18,102.06,109.58999633789062,3923.679931640625,4516.9501953125,1.02
2022-05-25,102.91,110.33000183105469,3978.72998046875,4579.81982421875,1.05
2022-06-01,107.68,115.26000213623047,4101.22998046875,4734.7001953125,1.12
2022-06-08,113.31,122.11000061035156,4115.77001953125,4781.9501953125,1.25
2022-06-15,100.22,115.30999755859375,3789.989990234375,4401.009765625,1.69
2022-06-22,100.69,106.19000244140625,3759.889892578125,4327.43994140625,1.57
2022-06-29,94.8,109.77999877929688,3818.830078125,4381.5400390625,1.73
2022-07-06,94.49,98.52999877929688,3845.080078125,4364.60986328125,1.85
2022-07-13,97.02,96.30000305175781,3801.780029296875,4325.2001953125,2.33
2022-07-20,105.87,102.26000213623047,3959.89990234375,4592.72021484375,2.44
2022-07-27,104.65,97.26000213623047,4023.610107421875,4680.41015625,2.37
2022-08-03,118.92,90.66000366210938,4155.169921875,4878.02978515625,2.44
2022-08-10,128.6,91.93000030517578,4210.240234375,4883.08984375,2.56
2022-08-17,125.45,88.11000061035156,4274.0400390625,4903.330078125,2.59
2022-08-24,123.98,94.88999938964844,4140.77001953125,4721.85009765625,2.73
2022-08-31,119.07,89.55000305175781,3955.0,4497.22998046875,2.87
2022-09-07,118.06,81.94000244140625,3979.8701171875,4470.77978515625,2.98
2022-09-14,122.81,88.4800033569336,3946.010009765625,4430.72021484375,3.14
2022-09-21,113.76,82.94000244140625,3789.929931640625,4232.16015625,3.21
2022-09-28,107.46,82.1500015258789,3719.0400390625,4181.25,3.29
2022-10-05,105.35,87.76000213623047,3783.280029296875,4333.68994140625,3.33
2022-10-12,91.8,87.2699966430664,3577.030029296875,4006.93994140625,3.56
2022-10-19,91.27,85.55000305175781,3695.159912109375,4137.18994140625,3.91
2022-10-26,94.42,87.91000366210938,3830.60009765625,4363.68017578125,3.94
2022-11-02,90.67,90.0,3759.68994140625,4271.02978515625,4.04
2022-11-09,89.27,85.83000183105469,3748.570068359375,4323.68994140625,4.11
2022-11-16,97.95,85.58999633789062,3958.7900390625,4613.6298828125,4.14
2022-11-23,96.94,77.94000244140625,4027.260009765625,4700.58984375,4.21
2022-11-30,97.78,80.55000305175781,4080.110107421875,4778.02978515625,4.27
2022-12-07,89.4,72.01000213623047,3933.919921875,4605.72998046875,4.2
2022-12-14,91.34,77.27999877929688,3995.320068359375,4720.75,4.23
2022-12-21,84.4,78.29000091552734,3878.43994140625,4563.91015625,4.22
2022-12-28,76.02,78.95999908447266,3783.219970703125,4399.14013671875,4.35
2023-01-04,80.94,72.83999633789062,3852.969970703125,4545.8701171875,4.41
2023-01-11,89.58,77.41000366210938,3969.610107421875,4728.89013671875,4.57
2023-01-18,93.12,79.4800033569336,3928.860107421875,4689.89990234375,4.54
2023-01-25,93.88,80.1500015258789,4016.219970703125,4809.5498046875,4.56
2023-02-01,98.21,76.41000366210938,4119.2099609375,4952.22998046875,4.54
2023-02-08,94.53,78.47000122070312,4117.85986328125,4904.14990234375,4.59
2023-02-15,96.96,78.58999633789062,4147.60009765625,4955.16015625,4.66
2023-02-22,88.85,73.94999694824219,3991.050048828125,4729.0400390625,4.71
2023-03-01,88.19,77.69000244140625,3951.389892578125,4697.14990234375,4.73
2023-03-08,87.66,76.66000366210938,3992.010009765625,4776.83984375,4.89
2023-03-15,78.42,67.61000061035156,3891.929931640625,4678.93994140625,4.59
2023-03-22,77.5,70.9000015258789,3936.969970703125,4763.43994140625,4.63
2023-03-29,80.59,72.97000122070312,4027.81005859375,4879.6298828125,4.64
2023-04-05,78.11,80.61000061035156,4090.3798828125,4915.490234375,4.72
2023-04-12,78.99,83.26000213623047,4091.949951171875,4889.330078125,4.87
2023-04-19,77.66,79.16000366210938,4154.52001953125,4910.7900390625,5.01
2023-04-26,72.33,74.30000305175781,4055.989990234375,4727.43994140625,5.0
2023-05-03,72.11,68.5999984741211,4090.75,4776.68017578125,5.09
2023-05-10,59.86,72.55999755859375,4137.64013671875,4811.4599609375,5.08
2023-05-17,77.34,72.83000183105469,4158.77001953125,4885.509765625,5.1
2023-05-24,76.45,74.33999633789062,4115.240234375,4852.60986328125,5.21
2023-05-31,76.41,68.08999633789062,4179.830078125,5058.56982421875,5.26
2023-06-07,82.04,72.52999877929688,4267.52001953125,5125.759765625,5.16
2023-06-14,83.48,68.2699966430664,4372.58984375,5322.43017578125,5.1
2023-06-21,80.47,72.52999877929688,4365.68994140625,5254.56005859375,5.15
2023-06-28,81.12,69.55999755859375,4376.85986328125,5260.5400390625,5.18
2023-07-05,85.68,71.79000091552734,4446.81982421875,5322.490234375,5.21
2023-07-12,90.42,75.75,4472.16015625,5413.08984375,5.24
2023-07-19,90.85,75.3499984741211,4565.72021484375,5502.2099609375,5.26
2023-07-26,88.26,78.77999877929688,4566.75,5466.14990234375,5.28
2023-08-02,86.05,79.48999786376953,4513.39013671875,5452.08984375,5.27
2023-08-09,82.37,84.4000015258789,4467.7099609375,5379.580078125,5.28
2023-08-16,75.19,79.37999725341797,4404.330078125,5267.5400390625,5.29
2023-08-23,74.91,78.88999938964844,4436.009765625,5377.31982421875,5.3
2023-08-30,76.87,81.62999725341797,4514.8701171875,5483.52001953125,5.32
2023-09-06,74.68,87.54000091552734,4465.47998046875,5458.06982421875,5.31
2023-09-13,72.4,88.5199966430664,4467.43994140625,5339.759765625,5.31
2023-09-20,69.51,90.27999877929688,4402.2001953125,5243.18994140625,5.33
2023-09-27,65.69,93.68000030517578,4274.509765625,5116.89013671875,5.34
2023-10-04,61.65,84.22000122070312,4263.75,5159.919921875,5.34
2023-10-11,63.76,83.48999786376953,4376.9501953125,5333.0400390625,5.34
2023-10-18,59.52,88.31999969482422,4314.60009765625,5231.14013671875,5.34
2023-10-25,54.02,85.38999938964844,4186.77001953125,4994.1201171875,5.32
2023-11-01,51.49,80.44000244140625,4237.85986328125,5056.990234375,5.31
2023-11-08,53.64,75.33000183105469,4382.77978515625,5278.77001953125,5.28
2023-11-15,57.35,76.66000366210938,4502.8798828125,5488.0,5.26
2023-11-22,54.65,77.0999984741211,4556.6201171875,5553.5,5.27
2023-11-29,55.32,77.86000061035156,4550.580078125,5565.3798828125,5.25
2023-12-06,55.83,69.37999725341797,4549.33984375,5527.41015625,5.25
2023-12-13,58.49,69.47000122070312,4707.08984375,5827.85986328125,5.24
2023-12-20,59.76,74.22000122070312,4698.35009765625,5817.330078125,5.24
2023-12-27,63.78,74.11000061035156,4781.580078125,5956.5400390625,5.24
2024-01-03,58.52,72.69999694824219,4704.81005859375,5739.97998046875,5.24
2024-01-10,55.17,71.37000274658203,4783.4501953125,5837.81982421875,5.23
2024-01-17,49.62,72.55999755859375,4739.2099609375,5826.39990234375,5.24
2024-01-24,50.27,75.08999633789062,4868.5498046875,6153.02978515625,5.21
2024-01-31,49.43,75.8499984741211,4845.64990234375,6067.25,5.22
2024-02-07,49.72,73.86000061035156,4995.06005859375,6241.64013671875,5.23
2024-02-14,52.99,76.63999938964844,5000.6201171875,6286.08984375,5.23
2024-02-21,49.76,77.91000366210938,4981.7998046875,6189.31005859375,5.24
2024-02-28,48.85,78.54000091552734,5069.759765625,6362.7998046875,5.24
2024-03-06,48.33,79.12999725341797,5104.759765625,6527.77978515625,5.24
2024-03-13,46.68,79.72000122070312,5165.31005859375,6489.77001953125,5.25
2024-03-20,46.34,81.68000030517578,5224.6201171875,6486.6298828125,5.24
2024-03-27,47.67,81.3499984741211,5248.490234375,6530.259765625,5.22
2024-04-03,47.08,85.43000030517578,5211.490234375,6496.43994140625,5.22
2024-04-10,45.92,86.20999908447266,5160.64013671875,6420.5400390625,5.25
2024-04-17,41.76,82.69000244140625,5022.2099609375,6179.8701171875,5.25
2024-04-24,41.0,82.80999755859375,5071.6298828125,6209.8701171875,5.26
2024-05-01,42.69,79.0,5018.39013671875,6155.72021484375,5.26
2024-05-08,44.82,78.98999786376953,5187.669921875,6419.0400390625,5.25
2024-05-15,46.16,78.62999725341797,5308.14990234375,6648.1201171875,5.25
2024-05-22,47.31,77.56999969482422,5307.009765625,6668.490234375,5.25
2024-05-29,47.01,79.2300033569336,5266.9501953125,6611.419921875,5.26
2024-06-05,47.7,74.06999969482422,5354.02978515625,6751.60986328125,5.25
2024-06-12,47.01,78.5,5421.02978515625,6886.330078125,5.25
2024-06-19,43.78,81.56999969482422,5487.02978515625,7060.27978515625,5.24
2024-06-26,42.77,80.9000015258789,5477.89990234375,6944.64013671875,5.24
2024-07-03,42.99,83.87999725341797,5537.02001953125,7116.3798828125,5.24
2024-07-10,44.28,82.0999984741211,5633.91015625,7208.35986328125,5.23
2024-07-17,48.11,82.8499984741211,5588.27001953125,6993.0,5.2
2024-07-24,44.67,77.58999633789062,5427.1298828125,6800.35009765625,5.18
2024-07-31,45.05,77.91000366210938,5522.2998046875,7046.9599609375,5.15
2024-08-07,37.68,75.2300033569336,5199.5,6510.02978515625,5.09
2024-08-14,38.06,76.9800033569336,5455.2099609375,6852.8701171875,5.07
2024-08-21,40.84,71.93000030517578,5620.85009765625,7103.02001953125,5.02
2024-08-28,39.5,74.5199966430664,5592.18017578125,6952.2998046875,4.96
2024-09-04,38.66,69.19999694824219,5520.06982421875,6858.8701171875,4.96
2024-09-11,39.54,67.30999755859375,5554.1298828125,6913.64990234375,4.89
2024-09-18,39.93,70.91000366210938,5618.259765625,6912.7998046875,4.65
2024-09-25,39.73,69.69000244140625,5722.259765625,7052.43994140625,4.51
2024-10-02,41.15,70.0999984741211,5709.5400390625,7106.0498046875,4.48
2024-10-09,42.62,73.23999786376953,5792.0400390625,7219.330078125,4.54
2024-10-16,43.43,70.38999938964844,5842.47021484375,7090.169921875,4.51
2024-10-23,41.39,70.7699966430664,5797.419921875,7004.91015625,4.52
2024-10-30,42.81,68.61000061035156,5813.669921875,7057.7099609375,4.47
2024-11-06,42.04,71.69000244140625,5929.0400390625,7171.64990234375,4.44
2024-11-13,41.24,68.43000030517578,5985.3798828125,7262.47998046875,4.4
2024-11-20,40.96,68.87000274658203,5917.10986328125,7056.4501953125,4.42
2024-11-27,44.13,68.72000122070312,5998.740234375,7173.7998046875,4.4
2024-12-04,43.53,68.54000091552734,6086.490234375,7377.14013671875,4.35
2024-12-11,43.67,70.29000091552734,6084.18994140625,7369.7900390625,4.26
2024-12-18,40.79,70.58000183105469,5872.16015625,7089.8701171875,4.25
2024-12-25,43.72,70.0999984741211,6040.0400390625,7252.0498046875,4.28
2025-01-01,42.25,71.72000122070312,5881.6298828125,7057.31982421875,4.23
2025-01-08,44.74,73.31999969482422,5918.25,7153.3701171875,4.21
2025-01-15,43.2,80.04000091552734,5949.91015625,7210.759765625,4.21
2025-01-22,41.93,75.44000244140625,6086.3701171875,7454.990234375,4.22
2025-01-29,40.55,72.62000274658203,6039.31005859375,7304.43017578125,4.2
2025-02-05,40.33,71.02999877929688,6061.47998046875,7401.60009765625,4.22
2025-02-12,39.26,71.37000274658203,6051.97021484375,7264.580078125,4.23
2025-02-19,41.29,72.25,6144.14990234375,7346.509765625,4.22
2025-02-26,38.65,68.62000274658203,5956.06005859375,7156.75,4.2
2025-03-05,35.98,66.30999755859375,5842.6298828125,7029.97021484375,4.21
2025-03-12,35.11,67.68000030517578,5599.2998046875,6742.3798828125,4.21
2025-03-19,36.53,67.16000366210938,5675.2900390625,6843.14013671875,4.2
2025-03-26,35.32,69.6500015258789,5712.2001953125,6839.18017578125,4.2
2025-04-02,33.58,71.70999908447266,5670.97021484375,6733.60009765625,4.21
2025-04-09,31.49,62.349998474121094,5456.89990234375,6491.7900390625,4.24
2025-04-16,30.55,62.470001220703125,5275.7001953125,6245.240234375,4.21
2025-04-23,31.31,62.27000045776367,5375.85986328125,6355.509765625,4.22
2025-04-30,32.71,58.209999084472656,5569.06005859375,6687.3701171875,4.2
2025-05-07,34.41,58.06999969482422,5631.27978515625,6803.06005859375,4.22
2025-05-14,38.98,63.150001525878906,5892.580078125,7170.27001953125,4.29
2025-05-21,36.34,61.56999969482422,5844.60986328125,7123.759765625,4.24
2025-05-28,38.7,61.84000015258789,5888.5498046875,7182.43994140625,4.24
2025-06-04,38.51,62.849998474121094,5970.81005859375,7321.08984375,4.25
2025-06-11,41.44,68.1500015258789,6022.240234375,7444.39990234375,4.26
2025-06-18,40.9,75.13999938964844,5980.8701171875,7318.9501953125,4.23
2025-06-25,40.63,64.91999816894531,6092.16015625,7474.66015625,4.19
2025-07-02,43.76,67.44999694824219,6227.419921875,7629.490234375,4.24
2025-07-09,46.27,68.37999725341797,6263.259765625,7687.56982421875,4.26
2025-07-16,47.82,66.37999725341797,6263.7001953125,7620.22021484375,4.24
2025-07-23,51.61,65.25,6358.91015625,7702.31005859375,4.25
2025-07-30,47.85,70.0,6362.89990234375,7717.240234375,4.25
2025-08-06,47.75,64.3499984741211,6345.06005859375,7630.91015625,4.14
2025-08-13,51.49,62.650001525878906,6466.580078125,7807.7001953125,4.11
2025-08-20,50.76,63.209999084472656,6395.77978515625,7665.18017578125,4.12
2025-08-27,53.31,64.1500015258789,6481.39990234375,7805.919921875,4.08
2025-09-03,51.83,63.970001220703125,6448.259765625,7749.47021484375,4.03
2025-09-10,51.87,63.66999816894531,6532.0400390625,7881.27001953125,3.94
2025-09-17,56.59,64.05000305175781,6600.35009765625,8069.77978515625,3.88
2025-09-24,60.84,64.98999786376953,6637.97021484375,8213.58984375,3.87
2025-10-01,64.03,61.779998779296875,6711.2001953125,8426.6904296875,3.85
2025-10-08,68.31,62.54999923706055,6753.72021484375,8463.330078125,3.85
2025-10-15,75.34,58.27000045776367,6671.06005859375,8374.5302734375,3.87
2025-10-22,66.72,58.5,6699.39990234375,8427.3203125,3.8
2025-10-29,69.63,60.47999954223633,6890.58984375,8623.26953125,3.77
2025-11-05,69.24,59.599998474121094,6796.2900390625,8509.8798828125,3.8
2025-11-12,67.01,58.4900016784668,6850.919921875,8399.1904296875,3.79
2025-11-19,62.64,59.439998626708984,6642.16015625,8076.490234375,3.79
2025-11-26,64.91,58.650001525878906,6812.60986328125,8240.8603515625,3.76
2025-12-03,65.19,58.95000076293945,6849.72021484375,8422.3896484375,3.64
2025-12-10,68.05,58.459999084472656,6886.68017578125,8584.150390625,3.6
2025-12-17,62.69,55.939998626708984,6721.43017578125,8244.25,3.55
2025-12-24,67.95,58.349998474121094,6932.0498046875,8571.01953125,3.6
2025-12-31,64.44,57.41999816894531,6845.5,8430.1298828125,3.57
2026-01-07,69.87,55.9900016784668,6920.93017578125,8804.849609375,3.52
2026-01-14,73.73,62.02000045776367,6926.60009765625,8829.6103515625,3.57
2026-01-21,74.01,60.619998931884766,6875.6201171875,8916.23046875,3.59
2026-01-28,76.3,63.209999084472656,6978.02978515625,9185.23046875,3.59
2026-02-04,71.34,65.13999938964844,6882.72021484375,8668.6396484375,3.6
2026-02-11,72.84,64.62999725341797,6941.47021484375,8983.0400390625,3.61
2026-02-18,70.79,65.19000244140625,6881.31005859375,9004.9404296875,3.61
2026-02-25,72.37,65.41999816894531,6946.1298828125,9133.5,3.6
2026-03-04,68.43,74.66000366210938,6869.5,9001.1201171875,3.6
2026-03-11,69.68,87.25,6775.7998046875,8880.1904296875,3.61
2026-03-18,67.67,96.31999969482422,6624.7001953125,8777.1201171875,3.62
2026-03-25,69.24,90.31999969482422,6591.89990234375,8815.830078125,3.63
2026-04-01,66.66,100.12000274658203,6575.31982421875,8707.73046875,3.61
2026-04-08,68.68,94.41000366210938,6782.81005859375,9127.7099609375,3.61
2026-04-15,73.8,91.29000091552734,7022.9501953125,9452.759765625,3.62
2026-04-22,79.45,92.95999908447266,7137.89990234375,9646.66015625,3.6
2026-04-29,77.12,106.87999725341797,7135.9501953125,9555.5498046875,3.6
2026-05-06,84.82,95.08000183105469,7365.1201171875,10051.26953125,3.61
2026-05-13,88.83,101.0199966430664,7444.25,10041.2099609375,3.61
2026-05-20,83.73,98.26000213623047,7432.97021484375,9914.419921875,3.57
2026-05-27,95.21,88.68000030517578,7520.35986328125,10308.2998046875,3.59
2026-06-03,95.71,96.0199966430664,7553.68017578125,10715.1796875,3.63
2026-06-10,79.63,90.02999877929688,7266.990234375,10025.0595703125,3.64
2026-06-17,84.34,76.79000091552734,7420.10009765625,10605.009765625,3.68
2026-06-24,80.23,70.33999633789062,7358.22021484375,10443.5703125,3.7
2026-07-01,80.92,68.58000183105469,7483.22998046875,10649.919921875,3.71
2026-07-08,74.74,73.5199966430664,7482.7099609375,10387.6298828125,3.73
2026-07-15,74.16,79.5999984741211,7572.39990234375,10353.509765625,3.7
2026-07-22,71.88,86.83000183105469,7498.9599609375,10271.7998046875,3.75
2026-07-29,63.3,84.45999908447266,7316.14990234375,9825.5302734375,3.7
2026-08-05,71.25,75.22000122070312,7723.5498046875,10531.3896484375,3.74
2026-08-12,73.47,83.2699966430664,7748.5,10743.5595703125,3.72
2026-08-19,71.13,85.83000183105469,7707.97998046875,10589.8798828125,3.71
